CREATE SCHEMA rybakova;
USE rybakova;

SET AUTOCOMMIT = 0;

CREATE TABLE Citizen_categories (
    citizen_category_id INT NOT NULL AUTO_INCREMENT,
    category_name VARCHAR(45),
    category_discount DOUBLE,
    PRIMARY KEY (citizen_category_id)
);

CREATE TABLE Patients (
    patient_id INT NOT NULL AUTO_INCREMENT,
    patient_surname VARCHAR(45),
    patient_name VARCHAR(45),
    patient_patronymic VARCHAR(45),
    patient_year_of_birth YEAR,
    citizen_category_id INT NOT NULL,
    PRIMARY KEY (patient_id),
    FOREIGN KEY (citizen_category_id)
        REFERENCES Citizen_categories (citizen_category_id)
        ON UPDATE CASCADE ON DELETE CASCADE
);

CREATE TABLE Admissions (
    admission_id INT NOT NULL AUTO_INCREMENT,
    patient_id INT NOT NULL,
    treatment_cost DOUBLE,
    admission_date DATE,
    PRIMARY KEY (admission_id),
    FOREIGN KEY (patient_id)
        REFERENCES Patients (patient_id)
        ON UPDATE CASCADE ON DELETE CASCADE
);

CREATE TABLE Doctors (
    doctor_id INT NOT NULL AUTO_INCREMENT,
    doctor_surname VARCHAR(45),
    doctor_name VARCHAR(45),
    doctor_speciality VARCHAR(45),
    doctor_qualification VARCHAR(45),
    service_cost DOUBLE,
    PRIMARY KEY (doctor_id)
);

CREATE TABLE Treatment_sheets (
    doctor_id INT NOT NULL,
    admission_id INT NOT NULL,
    diagnosis VARCHAR(45),
    diagnosis_time TIME,
    UNIQUE (doctor_id , admission_id , diagnosis , diagnosis_time),
    FOREIGN KEY (doctor_id)
        REFERENCES Doctors (doctor_id),
    FOREIGN KEY (admission_id)
        REFERENCES Admissions (admission_id)
        ON UPDATE CASCADE ON DELETE CASCADE
);

INSERT INTO Citizen_categories VALUES
(1,'student', 10.0),
(2,'disabled', 20.0),
(3,'pensioner', 15.0),
(4,'veteran', 10.5),
(5,'members of a large family', 10.0),
(6,'hero of Belarus', 15.0),
(7,'donor', 5.0),
(8,'Heroes of the Soviet Union', 10.0),
(9,'Heroes of Socialist Labor', 5.0),
(10,'Obligated persons', 5.0);

insert into Doctors (doctor_id, doctor_surname, doctor_name, doctor_speciality, doctor_qualification, service_cost) values (1, 'Dunsford', 'Dalt', 'urologist', 'the highest', 15.76);
insert into Doctors (doctor_id, doctor_surname, doctor_name, doctor_speciality, doctor_qualification, service_cost) values (2, 'Clibbery', 'Lew', 'surgeon', 'second', 6.67);
insert into Doctors (doctor_id, doctor_surname, doctor_name, doctor_speciality, doctor_qualification, service_cost) values (3, 'Buchanan', 'Tarrance', 'endocrinologist', 'first', 8.58);
insert into Doctors (doctor_id, doctor_surname, doctor_name, doctor_speciality, doctor_qualification, service_cost) values (4, 'Meakin', 'Bastian', 'surgeon', 'second', 15.34);
insert into Doctors (doctor_id, doctor_surname, doctor_name, doctor_speciality, doctor_qualification, service_cost) values (5, 'Playford', 'Harlan', 'pediatrician', 'the highest', 18.28);
insert into Doctors (doctor_id, doctor_surname, doctor_name, doctor_speciality, doctor_qualification, service_cost) values (6, 'Pink', 'Alfred', 'oncologist', 'second', 32.34);
insert into Doctors (doctor_id, doctor_surname, doctor_name, doctor_speciality, doctor_qualification, service_cost) values (7, 'Perello', 'Pamela', 'oncologist', 'second', 32.63);
insert into Doctors (doctor_id, doctor_surname, doctor_name, doctor_speciality, doctor_qualification, service_cost) values (8, 'Dabnot', 'Kimble', 'cardiologist', 'second', 25.93);
insert into Doctors (doctor_id, doctor_surname, doctor_name, doctor_speciality, doctor_qualification, service_cost) values (9, 'Shapira', 'Ketti', 'endocrinologist', 'the highest', 1.67);
insert into Doctors (doctor_id, doctor_surname, doctor_name, doctor_speciality, doctor_qualification, service_cost) values (10, 'Voelker', 'Tootsie', 'endocrinologist', 'second', 15.36);
insert into Doctors (doctor_id, doctor_surname, doctor_name, doctor_speciality, doctor_qualification, service_cost) values (11, 'McCullum', 'Birgitta', 'otolaryngologist', 'second', 33.93);
insert into Doctors (doctor_id, doctor_surname, doctor_name, doctor_speciality, doctor_qualification, service_cost) values (12, 'Potteridge', 'Lothaire', 'urologist', 'first', 26.69);
insert into Doctors (doctor_id, doctor_surname, doctor_name, doctor_speciality, doctor_qualification, service_cost) values (13, 'Takle', 'Findlay', 'otolaryngologist', 'the highest', 27.84);
insert into Doctors (doctor_id, doctor_surname, doctor_name, doctor_speciality, doctor_qualification, service_cost) values (14, 'Risom', 'Carrie', 'pediatrician', 'second', 3.74);
insert into Doctors (doctor_id, doctor_surname, doctor_name, doctor_speciality, doctor_qualification, service_cost) values (15, 'Dysert', 'Veronique', 'dentist', 'the highest', 18.04);
insert into Doctors (doctor_id, doctor_surname, doctor_name, doctor_speciality, doctor_qualification, service_cost) values (16, 'Chattock', 'Walden', 'oncologist', 'second', 31.11);
insert into Doctors (doctor_id, doctor_surname, doctor_name, doctor_speciality, doctor_qualification, service_cost) values (17, 'Nowick', 'Sonny', 'oncologist', 'first', 27.53);
insert into Doctors (doctor_id, doctor_surname, doctor_name, doctor_speciality, doctor_qualification, service_cost) values (18, 'Hurley', 'Winna', 'dentist', 'the highest', 32.11);
insert into Doctors (doctor_id, doctor_surname, doctor_name, doctor_speciality, doctor_qualification, service_cost) values (19, 'Heaney`', 'Hamlen', 'endocrinologist', 'the highest', 3.99);
insert into Doctors (doctor_id, doctor_surname, doctor_name, doctor_speciality, doctor_qualification, service_cost) values (20, 'Rodgers', 'Raymond', 'urologist', 'first', 6.13);
insert into Doctors (doctor_id, doctor_surname, doctor_name, doctor_speciality, doctor_qualification, service_cost) values (21, 'Caban', 'Mollee', 'endocrinologist', 'second', 27.24);
insert into Doctors (doctor_id, doctor_surname, doctor_name, doctor_speciality, doctor_qualification, service_cost) values (22, 'Grimwad', 'Caleb', 'oncologist', 'the highest', 35.96);
insert into Doctors (doctor_id, doctor_surname, doctor_name, doctor_speciality, doctor_qualification, service_cost) values (23, 'Gouldie', 'Ilyssa', 'oncologist', 'first', 37.59);
insert into Doctors (doctor_id, doctor_surname, doctor_name, doctor_speciality, doctor_qualification, service_cost) values (24, 'Cervantes', 'Griz', 'endocrinologist', 'first', 32.63);
insert into Doctors (doctor_id, doctor_surname, doctor_name, doctor_speciality, doctor_qualification, service_cost) values (25, 'Fowkes', 'Celesta', 'otolaryngologist', 'second', 26.32);
insert into Doctors (doctor_id, doctor_surname, doctor_name, doctor_speciality, doctor_qualification, service_cost) values (26, 'Brideaux', 'Richy', 'surgeon', 'the highest', 35.2);
insert into Doctors (doctor_id, doctor_surname, doctor_name, doctor_speciality, doctor_qualification, service_cost) values (27, 'Verne', 'Clarissa', 'urologist', 'first', 7.56);
insert into Doctors (doctor_id, doctor_surname, doctor_name, doctor_speciality, doctor_qualification, service_cost) values (28, 'Giacobelli', 'Ludovika', 'urologist', 'second', 16.69);
insert into Doctors (doctor_id, doctor_surname, doctor_name, doctor_speciality, doctor_qualification, service_cost) values (29, 'Pinilla', 'Ronica', 'therapist', 'the highest', 3.99);
insert into Doctors (doctor_id, doctor_surname, doctor_name, doctor_speciality, doctor_qualification, service_cost) values (30, 'Croll', 'Calvin', 'oncologist', 'second', 30.32);
insert into Doctors (doctor_id, doctor_surname, doctor_name, doctor_speciality, doctor_qualification, service_cost) values (31, 'Wigginton', 'Sampson', 'cardiologist', 'second', 29.45);
insert into Doctors (doctor_id, doctor_surname, doctor_name, doctor_speciality, doctor_qualification, service_cost) values (32, 'Chatin', 'Winifield', 'therapist', 'second', 20.4);
insert into Doctors (doctor_id, doctor_surname, doctor_name, doctor_speciality, doctor_qualification, service_cost) values (33, 'Beddo', 'Electra', 'dentist', 'the highest', 32.56);
insert into Doctors (doctor_id, doctor_surname, doctor_name, doctor_speciality, doctor_qualification, service_cost) values (34, 'Tran', 'Carolyne', 'endocrinologist', 'the highest', 7.84);
insert into Doctors (doctor_id, doctor_surname, doctor_name, doctor_speciality, doctor_qualification, service_cost) values (35, 'Harkins', 'Gilburt', 'therapist', 'first', 4.15);
insert into Doctors (doctor_id, doctor_surname, doctor_name, doctor_speciality, doctor_qualification, service_cost) values (36, 'Noriega', 'Marion', 'dentist', 'first', 6.96);
insert into Doctors (doctor_id, doctor_surname, doctor_name, doctor_speciality, doctor_qualification, service_cost) values (37, 'Nelmes', 'Danya', 'dentist', 'second', 24.68);
insert into Doctors (doctor_id, doctor_surname, doctor_name, doctor_speciality, doctor_qualification, service_cost) values (38, 'Munford', 'Aurlie', 'surgeon', 'the highest', 38.7);
insert into Doctors (doctor_id, doctor_surname, doctor_name, doctor_speciality, doctor_qualification, service_cost) values (39, 'Penman', 'Junia', 'dermatologist', 'second', 26.77);
insert into Doctors (doctor_id, doctor_surname, doctor_name, doctor_speciality, doctor_qualification, service_cost) values (40, 'Hovy', 'Krystyna', 'therapist', 'second', 18.15);
insert into Doctors (doctor_id, doctor_surname, doctor_name, doctor_speciality, doctor_qualification, service_cost) values (41, 'Neligan', 'Ryan', 'cardiologist', 'second', 22.78);
insert into Doctors (doctor_id, doctor_surname, doctor_name, doctor_speciality, doctor_qualification, service_cost) values (42, 'Menendez', 'Doy', 'dermatologist', 'first', 10.5);
insert into Doctors (doctor_id, doctor_surname, doctor_name, doctor_speciality, doctor_qualification, service_cost) values (43, 'Clemmens', 'Sadye', 'dentist', 'first', 19.04);
insert into Doctors (doctor_id, doctor_surname, doctor_name, doctor_speciality, doctor_qualification, service_cost) values (44, 'Ervine', 'Ahmed', 'oncologist', 'second', 5.75);
insert into Doctors (doctor_id, doctor_surname, doctor_name, doctor_speciality, doctor_qualification, service_cost) values (45, 'Hewes', 'Daphna', 'psychiatrist', 'second', 9.6);
insert into Doctors (doctor_id, doctor_surname, doctor_name, doctor_speciality, doctor_qualification, service_cost) values (46, 'Oakenford', 'Lorine', 'dermatologist', 'first', 31.11);
insert into Doctors (doctor_id, doctor_surname, doctor_name, doctor_speciality, doctor_qualification, service_cost) values (47, 'Bentote', 'Renado', 'therapist', 'first', 28.59);
insert into Doctors (doctor_id, doctor_surname, doctor_name, doctor_speciality, doctor_qualification, service_cost) values (48, 'Leabeater', 'Beverie', 'psychiatrist', 'the highest', 39.72);
insert into Doctors (doctor_id, doctor_surname, doctor_name, doctor_speciality, doctor_qualification, service_cost) values (49, 'Minico', 'Tremayne', 'urologist', 'first', 6.45);
insert into Doctors (doctor_id, doctor_surname, doctor_name, doctor_speciality, doctor_qualification, service_cost) values (50, 'Ruppeli', 'Eric', 'psychiatrist', 'first', 32.02);
insert into Doctors (doctor_id, doctor_surname, doctor_name, doctor_speciality, doctor_qualification, service_cost) values (51, 'Neylon', 'Elvin', 'pediatrician', 'second', 10.53);
insert into Doctors (doctor_id, doctor_surname, doctor_name, doctor_speciality, doctor_qualification, service_cost) values (52, 'Edmead', 'Natalee', 'therapist', 'the highest', 35.39);
insert into Doctors (doctor_id, doctor_surname, doctor_name, doctor_speciality, doctor_qualification, service_cost) values (53, 'Frandsen', 'Archibold', 'psychiatrist', 'second', 33.92);
insert into Doctors (doctor_id, doctor_surname, doctor_name, doctor_speciality, doctor_qualification, service_cost) values (54, 'Blazi', 'Lorenza', 'surgeon', 'first', 5.17);
insert into Doctors (doctor_id, doctor_surname, doctor_name, doctor_speciality, doctor_qualification, service_cost) values (55, 'Garforth', 'Dredi', 'dentist', 'second', 27.78);
insert into Doctors (doctor_id, doctor_surname, doctor_name, doctor_speciality, doctor_qualification, service_cost) values (56, 'Comford', 'Jessica', 'therapist', 'second', 35.2);
insert into Doctors (doctor_id, doctor_surname, doctor_name, doctor_speciality, doctor_qualification, service_cost) values (57, 'Bodocs', 'Beryl', 'oncologist', 'second', 33.54);
insert into Doctors (doctor_id, doctor_surname, doctor_name, doctor_speciality, doctor_qualification, service_cost) values (58, 'Studdeard', 'Lidia', 'oncologist', 'the highest', 4.3);
insert into Doctors (doctor_id, doctor_surname, doctor_name, doctor_speciality, doctor_qualification, service_cost) values (59, 'Grewe', 'Kayne', 'therapist', 'the highest', 10.0);
insert into Doctors (doctor_id, doctor_surname, doctor_name, doctor_speciality, doctor_qualification, service_cost) values (60, 'Basketter', 'Kimble', 'therapist', 'the highest', 35.08);
insert into Doctors (doctor_id, doctor_surname, doctor_name, doctor_speciality, doctor_qualification, service_cost) values (61, 'Keates', 'Rebe', 'otolaryngologist', 'the highest', 20.72);
insert into Doctors (doctor_id, doctor_surname, doctor_name, doctor_speciality, doctor_qualification, service_cost) values (62, 'Hoppner', 'Kurt', 'psychiatrist', 'second', 38.93);
insert into Doctors (doctor_id, doctor_surname, doctor_name, doctor_speciality, doctor_qualification, service_cost) values (63, 'Chadd', 'Quinton', 'surgeon', 'first', 9.53);
insert into Doctors (doctor_id, doctor_surname, doctor_name, doctor_speciality, doctor_qualification, service_cost) values (64, 'Koba', 'Jereme', 'urologist', 'second', 25.15);
insert into Doctors (doctor_id, doctor_surname, doctor_name, doctor_speciality, doctor_qualification, service_cost) values (65, 'Breslauer', 'Eli', 'psychiatrist', 'first', 30.71);
insert into Doctors (doctor_id, doctor_surname, doctor_name, doctor_speciality, doctor_qualification, service_cost) values (66, 'Wynter', 'Iggy', 'cardiologist', 'first', 38.35);
insert into Doctors (doctor_id, doctor_surname, doctor_name, doctor_speciality, doctor_qualification, service_cost) values (67, 'Vella', 'Lorita', 'oncologist', 'first', 18.28);
insert into Doctors (doctor_id, doctor_surname, doctor_name, doctor_speciality, doctor_qualification, service_cost) values (68, 'McDuffy', 'Wakefield', 'cardiologist', 'the highest', 9.93);
insert into Doctors (doctor_id, doctor_surname, doctor_name, doctor_speciality, doctor_qualification, service_cost) values (69, 'Andrioletti', 'Samaria', 'pediatrician', 'second', 29.68);
insert into Doctors (doctor_id, doctor_surname, doctor_name, doctor_speciality, doctor_qualification, service_cost) values (70, 'Tesyro', 'Arabele', 'oncologist', 'second', 2.12);
insert into Doctors (doctor_id, doctor_surname, doctor_name, doctor_speciality, doctor_qualification, service_cost) values (71, 'Janew', 'Blondelle', 'endocrinologist', 'first', 7.84);
insert into Doctors (doctor_id, doctor_surname, doctor_name, doctor_speciality, doctor_qualification, service_cost) values (72, 'Slemmonds', 'Heda', 'cardiologist', 'first', 34.22);
insert into Doctors (doctor_id, doctor_surname, doctor_name, doctor_speciality, doctor_qualification, service_cost) values (73, 'Stirrip', 'Yoshiko', 'cardiologist', 'second', 23.05);
insert into Doctors (doctor_id, doctor_surname, doctor_name, doctor_speciality, doctor_qualification, service_cost) values (74, 'Gresty', 'Zarah', 'dentist', 'first', 20.31);
insert into Doctors (doctor_id, doctor_surname, doctor_name, doctor_speciality, doctor_qualification, service_cost) values (75, 'Guitel', 'Jay', 'psychiatrist', 'the highest', 1.04);
insert into Doctors (doctor_id, doctor_surname, doctor_name, doctor_speciality, doctor_qualification, service_cost) values (76, 'Chaudhry', 'Portia', 'psychiatrist', 'first', 33.4);
insert into Doctors (doctor_id, doctor_surname, doctor_name, doctor_speciality, doctor_qualification, service_cost) values (77, 'Oolahan', 'Guinna', 'psychiatrist', 'the highest', 10.51);
insert into Doctors (doctor_id, doctor_surname, doctor_name, doctor_speciality, doctor_qualification, service_cost) values (78, 'Petric', 'Peta', 'oncologist', 'first', 34.96);
insert into Doctors (doctor_id, doctor_surname, doctor_name, doctor_speciality, doctor_qualification, service_cost) values (79, 'Fearnyhough', 'Dehlia', 'therapist', 'second', 10.92);
insert into Doctors (doctor_id, doctor_surname, doctor_name, doctor_speciality, doctor_qualification, service_cost) values (80, 'Grolle', 'Christoffer', 'endocrinologist', 'first', 23.46);
insert into Doctors (doctor_id, doctor_surname, doctor_name, doctor_speciality, doctor_qualification, service_cost) values (81, 'Lethby', 'Jamie', 'therapist', 'second', 21.74);
insert into Doctors (doctor_id, doctor_surname, doctor_name, doctor_speciality, doctor_qualification, service_cost) values (82, 'Jermyn', 'Juanita', 'otolaryngologist', 'first', 30.36);
insert into Doctors (doctor_id, doctor_surname, doctor_name, doctor_speciality, doctor_qualification, service_cost) values (83, 'McIlvaney', 'Esme', 'cardiologist', 'the highest', 19.55);
insert into Doctors (doctor_id, doctor_surname, doctor_name, doctor_speciality, doctor_qualification, service_cost) values (84, 'Atte-Stone', 'Emmye', 'dentist', 'second', 27.56);
insert into Doctors (doctor_id, doctor_surname, doctor_name, doctor_speciality, doctor_qualification, service_cost) values (85, 'Munro', 'Marigold', 'dentist', 'second', 17.2);
insert into Doctors (doctor_id, doctor_surname, doctor_name, doctor_speciality, doctor_qualification, service_cost) values (86, 'O''Flaherty', 'Pooh', 'psychiatrist', 'the highest', 5.05);
insert into Doctors (doctor_id, doctor_surname, doctor_name, doctor_speciality, doctor_qualification, service_cost) values (87, 'Eve', 'Kendall', 'therapist', 'second', 22.74);
insert into Doctors (doctor_id, doctor_surname, doctor_name, doctor_speciality, doctor_qualification, service_cost) values (88, 'Assante', 'Adams', 'surgeon', 'the highest', 38.58);
insert into Doctors (doctor_id, doctor_surname, doctor_name, doctor_speciality, doctor_qualification, service_cost) values (89, 'Craik', 'Ezekiel', 'oncologist', 'second', 4.13);
insert into Doctors (doctor_id, doctor_surname, doctor_name, doctor_speciality, doctor_qualification, service_cost) values (90, 'Jaumet', 'Fayth', 'endocrinologist', 'second', 13.51);
insert into Doctors (doctor_id, doctor_surname, doctor_name, doctor_speciality, doctor_qualification, service_cost) values (91, 'Commuzzo', 'Gardy', 'psychiatrist', 'first', 14.81);
insert into Doctors (doctor_id, doctor_surname, doctor_name, doctor_speciality, doctor_qualification, service_cost) values (92, 'Byrne', 'Theressa', 'surgeon', 'the highest', 6.8);
insert into Doctors (doctor_id, doctor_surname, doctor_name, doctor_speciality, doctor_qualification, service_cost) values (93, 'McKibbin', 'Carolyn', 'endocrinologist', 'first', 33.66);
insert into Doctors (doctor_id, doctor_surname, doctor_name, doctor_speciality, doctor_qualification, service_cost) values (94, 'Lejeune', 'Emyle', 'otolaryngologist', 'second', 30.95);
insert into Doctors (doctor_id, doctor_surname, doctor_name, doctor_speciality, doctor_qualification, service_cost) values (95, 'Quillinane', 'Arin', 'surgeon', 'first', 21.48);
insert into Doctors (doctor_id, doctor_surname, doctor_name, doctor_speciality, doctor_qualification, service_cost) values (96, 'Hitcham', 'Dolorita', 'cardiologist', 'the highest', 7.35);
insert into Doctors (doctor_id, doctor_surname, doctor_name, doctor_speciality, doctor_qualification, service_cost) values (97, 'Crane', 'Tamra', 'endocrinologist', 'first', 12.44);
insert into Doctors (doctor_id, doctor_surname, doctor_name, doctor_speciality, doctor_qualification, service_cost) values (98, 'Newman', 'Bartel', 'pediatrician', 'the highest', 13.12);
insert into Doctors (doctor_id, doctor_surname, doctor_name, doctor_speciality, doctor_qualification, service_cost) values (99, 'Teresse', 'Dolley', 'urologist', 'the highest', 7.86);
insert into Doctors (doctor_id, doctor_surname, doctor_name, doctor_speciality, doctor_qualification, service_cost) values (100, 'Wardel', 'Christel', 'cardiologist', 'first', 33.71);
insert into Doctors (doctor_id, doctor_surname, doctor_name, doctor_speciality, doctor_qualification, service_cost) values (101, 'Wayland', 'Red', 'otolaryngologist', 'the highest', 13.76);
insert into Doctors (doctor_id, doctor_surname, doctor_name, doctor_speciality, doctor_qualification, service_cost) values (102, 'Billingsley', 'Almire', 'oncologist', 'second', 2.86);
insert into Doctors (doctor_id, doctor_surname, doctor_name, doctor_speciality, doctor_qualification, service_cost) values (103, 'Littlejohns', 'Inga', 'dentist', 'first', 29.93);
insert into Doctors (doctor_id, doctor_surname, doctor_name, doctor_speciality, doctor_qualification, service_cost) values (104, 'Thornewell', 'Georgetta', 'cardiologist', 'the highest', 23.94);
insert into Doctors (doctor_id, doctor_surname, doctor_name, doctor_speciality, doctor_qualification, service_cost) values (105, 'Gadman', 'Rosalia', 'urologist', 'second', 37.03);
insert into Doctors (doctor_id, doctor_surname, doctor_name, doctor_speciality, doctor_qualification, service_cost) values (106, 'Raincin', 'Olivie', 'pediatrician', 'second', 8.36);
insert into Doctors (doctor_id, doctor_surname, doctor_name, doctor_speciality, doctor_qualification, service_cost) values (107, 'Mauchlen', 'Alexis', 'pediatrician', 'first', 13.07);
insert into Doctors (doctor_id, doctor_surname, doctor_name, doctor_speciality, doctor_qualification, service_cost) values (108, 'Ravilus', 'Rorie', 'therapist', 'first', 17.94);
insert into Doctors (doctor_id, doctor_surname, doctor_name, doctor_speciality, doctor_qualification, service_cost) values (109, 'Cowern', 'Toddy', 'surgeon', 'first', 15.16);
insert into Doctors (doctor_id, doctor_surname, doctor_name, doctor_speciality, doctor_qualification, service_cost) values (110, 'Swett', 'Wildon', 'urologist', 'second', 10.0);
insert into Doctors (doctor_id, doctor_surname, doctor_name, doctor_speciality, doctor_qualification, service_cost) values (111, 'Hastilow', 'Raven', 'psychiatrist', 'second', 34.73);
insert into Doctors (doctor_id, doctor_surname, doctor_name, doctor_speciality, doctor_qualification, service_cost) values (112, 'Farrer', 'Pail', 'therapist', 'first', 5.06);
insert into Doctors (doctor_id, doctor_surname, doctor_name, doctor_speciality, doctor_qualification, service_cost) values (113, 'Schaumann', 'Shelden', 'oncologist', 'first', 24.63);
insert into Doctors (doctor_id, doctor_surname, doctor_name, doctor_speciality, doctor_qualification, service_cost) values (114, 'Mulvin', 'Raymund', 'urologist', 'first', 20.75);
insert into Doctors (doctor_id, doctor_surname, doctor_name, doctor_speciality, doctor_qualification, service_cost) values (115, 'Korneluk', 'Joceline', 'cardiologist', 'the highest', 20.78);
insert into Doctors (doctor_id, doctor_surname, doctor_name, doctor_speciality, doctor_qualification, service_cost) values (116, 'Stanyer', 'Ania', 'dermatologist', 'first', 34.73);
insert into Doctors (doctor_id, doctor_surname, doctor_name, doctor_speciality, doctor_qualification, service_cost) values (117, 'Thormann', 'Aharon', 'dermatologist', 'second', 9.15);
insert into Doctors (doctor_id, doctor_surname, doctor_name, doctor_speciality, doctor_qualification, service_cost) values (118, 'Biaggioli', 'Myriam', 'endocrinologist', 'the highest', 38.06);
insert into Doctors (doctor_id, doctor_surname, doctor_name, doctor_speciality, doctor_qualification, service_cost) values (119, 'Tooth', 'Abelard', 'urologist', 'the highest', 8.55);
insert into Doctors (doctor_id, doctor_surname, doctor_name, doctor_speciality, doctor_qualification, service_cost) values (120, 'Nathon', 'Agatha', 'urologist', 'second', 26.6);
insert into Doctors (doctor_id, doctor_surname, doctor_name, doctor_speciality, doctor_qualification, service_cost) values (121, 'Penrice', 'Suzy', 'otolaryngologist', 'first', 14.01);
insert into Doctors (doctor_id, doctor_surname, doctor_name, doctor_speciality, doctor_qualification, service_cost) values (122, 'Smallacombe', 'Nicko', 'dentist', 'first', 28.54);
insert into Doctors (doctor_id, doctor_surname, doctor_name, doctor_speciality, doctor_qualification, service_cost) values (123, 'Stud', 'Aloisia', 'otolaryngologist', 'first', 19.42);
insert into Doctors (doctor_id, doctor_surname, doctor_name, doctor_speciality, doctor_qualification, service_cost) values (124, 'Dickey', 'Cosme', 'surgeon', 'second', 18.56);
insert into Doctors (doctor_id, doctor_surname, doctor_name, doctor_speciality, doctor_qualification, service_cost) values (125, 'Roux', 'Sari', 'therapist', 'second', 32.72);
insert into Doctors (doctor_id, doctor_surname, doctor_name, doctor_speciality, doctor_qualification, service_cost) values (126, 'Chitty', 'Kalina', 'otolaryngologist', 'the highest', 27.82);
insert into Doctors (doctor_id, doctor_surname, doctor_name, doctor_speciality, doctor_qualification, service_cost) values (127, 'Orchart', 'Kelli', 'urologist', 'second', 24.41);
insert into Doctors (doctor_id, doctor_surname, doctor_name, doctor_speciality, doctor_qualification, service_cost) values (128, 'Snaddin', 'Tobit', 'pediatrician', 'first', 18.95);
insert into Doctors (doctor_id, doctor_surname, doctor_name, doctor_speciality, doctor_qualification, service_cost) values (129, 'Annear', 'Cymbre', 'dentist', 'first', 33.32);
insert into Doctors (doctor_id, doctor_surname, doctor_name, doctor_speciality, doctor_qualification, service_cost) values (130, 'Mahon', 'Mayor', 'endocrinologist', 'first', 32.24);
insert into Doctors (doctor_id, doctor_surname, doctor_name, doctor_speciality, doctor_qualification, service_cost) values (131, 'Coare', 'Clovis', 'endocrinologist', 'second', 5.51);
insert into Doctors (doctor_id, doctor_surname, doctor_name, doctor_speciality, doctor_qualification, service_cost) values (132, 'Hendin', 'Bronny', 'pediatrician', 'second', 11.64);
insert into Doctors (doctor_id, doctor_surname, doctor_name, doctor_speciality, doctor_qualification, service_cost) values (133, 'Giorio', 'Edeline', 'oncologist', 'the highest', 1.04);
insert into Doctors (doctor_id, doctor_surname, doctor_name, doctor_speciality, doctor_qualification, service_cost) values (134, 'Alker', 'Selby', 'psychiatrist', 'second', 2.43);
insert into Doctors (doctor_id, doctor_surname, doctor_name, doctor_speciality, doctor_qualification, service_cost) values (135, 'Oleszkiewicz', 'Chaim', 'surgeon', 'the highest', 10.65);
insert into Doctors (doctor_id, doctor_surname, doctor_name, doctor_speciality, doctor_qualification, service_cost) values (136, 'Beckley', 'Ferdinanda', 'oncologist', 'first', 4.98);
insert into Doctors (doctor_id, doctor_surname, doctor_name, doctor_speciality, doctor_qualification, service_cost) values (137, 'Harroll', 'Kathrine', 'pediatrician', 'first', 23.23);
insert into Doctors (doctor_id, doctor_surname, doctor_name, doctor_speciality, doctor_qualification, service_cost) values (138, 'Rogister', 'Nerissa', 'pediatrician', 'the highest', 7.52);
insert into Doctors (doctor_id, doctor_surname, doctor_name, doctor_speciality, doctor_qualification, service_cost) values (139, 'Mayell', 'Jodie', 'cardiologist', 'second', 23.84);
insert into Doctors (doctor_id, doctor_surname, doctor_name, doctor_speciality, doctor_qualification, service_cost) values (140, 'Haskew', 'Conchita', 'otolaryngologist', 'first', 33.08);
insert into Doctors (doctor_id, doctor_surname, doctor_name, doctor_speciality, doctor_qualification, service_cost) values (141, 'Hoggetts', 'Alvin', 'therapist', 'second', 11.91);
insert into Doctors (doctor_id, doctor_surname, doctor_name, doctor_speciality, doctor_qualification, service_cost) values (142, 'Sponder', 'Kingsly', 'endocrinologist', 'first', 25.59);
insert into Doctors (doctor_id, doctor_surname, doctor_name, doctor_speciality, doctor_qualification, service_cost) values (143, 'McGeachie', 'Stan', 'psychiatrist', 'the highest', 10.03);
insert into Doctors (doctor_id, doctor_surname, doctor_name, doctor_speciality, doctor_qualification, service_cost) values (144, 'Laver', 'King', 'dentist', 'second', 9.56);
insert into Doctors (doctor_id, doctor_surname, doctor_name, doctor_speciality, doctor_qualification, service_cost) values (145, 'Grimbleby', 'Alain', 'oncologist', 'second', 33.06);
insert into Doctors (doctor_id, doctor_surname, doctor_name, doctor_speciality, doctor_qualification, service_cost) values (146, 'Foss', 'Courtney', 'otolaryngologist', 'first', 34.2);
insert into Doctors (doctor_id, doctor_surname, doctor_name, doctor_speciality, doctor_qualification, service_cost) values (147, 'Searson', 'Tillie', 'psychiatrist', 'first', 35.97);
insert into Doctors (doctor_id, doctor_surname, doctor_name, doctor_speciality, doctor_qualification, service_cost) values (148, 'Fidilis', 'Amabelle', 'surgeon', 'the highest', 36.77);
insert into Doctors (doctor_id, doctor_surname, doctor_name, doctor_speciality, doctor_qualification, service_cost) values (149, 'Mingard', 'Thornie', 'oncologist', 'first', 28.33);
insert into Doctors (doctor_id, doctor_surname, doctor_name, doctor_speciality, doctor_qualification, service_cost) values (150, 'Horwell', 'Leilah', 'surgeon', 'first', 1.92);
insert into Doctors (doctor_id, doctor_surname, doctor_name, doctor_speciality, doctor_qualification, service_cost) values (151, 'Andriolli', 'Leontine', 'surgeon', 'the highest', 17.76);
insert into Doctors (doctor_id, doctor_surname, doctor_name, doctor_speciality, doctor_qualification, service_cost) values (152, 'Antham', 'Tammie', 'dentist', 'the highest', 14.1);
insert into Doctors (doctor_id, doctor_surname, doctor_name, doctor_speciality, doctor_qualification, service_cost) values (153, 'Jakubovitch', 'Verena', 'psychiatrist', 'second', 32.99);
insert into Doctors (doctor_id, doctor_surname, doctor_name, doctor_speciality, doctor_qualification, service_cost) values (154, 'Brownstein', 'Reta', 'urologist', 'the highest', 28.71);
insert into Doctors (doctor_id, doctor_surname, doctor_name, doctor_speciality, doctor_qualification, service_cost) values (155, 'Dawe', 'Kristin', 'pediatrician', 'first', 29.85);
insert into Doctors (doctor_id, doctor_surname, doctor_name, doctor_speciality, doctor_qualification, service_cost) values (156, 'Ghiron', 'Mirabel', 'oncologist', 'second', 5.76);
insert into Doctors (doctor_id, doctor_surname, doctor_name, doctor_speciality, doctor_qualification, service_cost) values (157, 'Tennet', 'Keven', 'oncologist', 'first', 14.05);
insert into Doctors (doctor_id, doctor_surname, doctor_name, doctor_speciality, doctor_qualification, service_cost) values (158, 'Parsisson', 'Hulda', 'psychiatrist', 'the highest', 19.23);
insert into Doctors (doctor_id, doctor_surname, doctor_name, doctor_speciality, doctor_qualification, service_cost) values (159, 'Maypother', 'Doralin', 'pediatrician', 'first', 7.63);
insert into Doctors (doctor_id, doctor_surname, doctor_name, doctor_speciality, doctor_qualification, service_cost) values (160, 'Sheldrake', 'Merrily', 'dermatologist', 'second', 8.34);
insert into Doctors (doctor_id, doctor_surname, doctor_name, doctor_speciality, doctor_qualification, service_cost) values (161, 'Westoll', 'Farrand', 'therapist', 'second', 31.46);
insert into Doctors (doctor_id, doctor_surname, doctor_name, doctor_speciality, doctor_qualification, service_cost) values (162, 'Kleinplatz', 'Nikita', 'therapist', 'second', 2.09);
insert into Doctors (doctor_id, doctor_surname, doctor_name, doctor_speciality, doctor_qualification, service_cost) values (163, 'Pitney', 'Umeko', 'dermatologist', 'first', 22.82);
insert into Doctors (doctor_id, doctor_surname, doctor_name, doctor_speciality, doctor_qualification, service_cost) values (164, 'Gaughan', 'Fulton', 'surgeon', 'first', 16.22);
insert into Doctors (doctor_id, doctor_surname, doctor_name, doctor_speciality, doctor_qualification, service_cost) values (165, 'Kirkpatrick', 'Kele', 'urologist', 'second', 4.11);
insert into Doctors (doctor_id, doctor_surname, doctor_name, doctor_speciality, doctor_qualification, service_cost) values (166, 'Pearn', 'Dido', 'otolaryngologist', 'first', 34.57);
insert into Doctors (doctor_id, doctor_surname, doctor_name, doctor_speciality, doctor_qualification, service_cost) values (167, 'Badham', 'Elvin', 'dentist', 'the highest', 18.72);
insert into Doctors (doctor_id, doctor_surname, doctor_name, doctor_speciality, doctor_qualification, service_cost) values (168, 'Aizikov', 'Sibley', 'pediatrician', 'first', 20.17);
insert into Doctors (doctor_id, doctor_surname, doctor_name, doctor_speciality, doctor_qualification, service_cost) values (169, 'Mitrovic', 'Mollee', 'dentist', 'first', 16.47);
insert into Doctors (doctor_id, doctor_surname, doctor_name, doctor_speciality, doctor_qualification, service_cost) values (170, 'Moat', 'Stafani', 'dentist', 'the highest', 26.9);
insert into Doctors (doctor_id, doctor_surname, doctor_name, doctor_speciality, doctor_qualification, service_cost) values (171, 'Stickells', 'Ray', 'surgeon', 'the highest', 39.7);
insert into Doctors (doctor_id, doctor_surname, doctor_name, doctor_speciality, doctor_qualification, service_cost) values (172, 'Haglington', 'Konstantine', 'cardiologist', 'second', 14.54);
insert into Doctors (doctor_id, doctor_surname, doctor_name, doctor_speciality, doctor_qualification, service_cost) values (173, 'Poulson', 'Cynthy', 'dentist', 'the highest', 28.97);
insert into Doctors (doctor_id, doctor_surname, doctor_name, doctor_speciality, doctor_qualification, service_cost) values (174, 'Brafferton', 'Mateo', 'dermatologist', 'second', 29.52);
insert into Doctors (doctor_id, doctor_surname, doctor_name, doctor_speciality, doctor_qualification, service_cost) values (175, 'Garford', 'Ginelle', 'surgeon', 'second', 33.98);
insert into Doctors (doctor_id, doctor_surname, doctor_name, doctor_speciality, doctor_qualification, service_cost) values (176, 'Pilpovic', 'Jeno', 'otolaryngologist', 'second', 11.84);
insert into Doctors (doctor_id, doctor_surname, doctor_name, doctor_speciality, doctor_qualification, service_cost) values (177, 'Faust', 'Carlina', 'psychiatrist', 'second', 26.92);
insert into Doctors (doctor_id, doctor_surname, doctor_name, doctor_speciality, doctor_qualification, service_cost) values (178, 'Iacivelli', 'Sheffie', 'dermatologist', 'the highest', 16.54);
insert into Doctors (doctor_id, doctor_surname, doctor_name, doctor_speciality, doctor_qualification, service_cost) values (179, 'Macia', 'Barnett', 'dermatologist', 'second', 28.79);
insert into Doctors (doctor_id, doctor_surname, doctor_name, doctor_speciality, doctor_qualification, service_cost) values (180, 'Scanlin', 'Kevin', 'endocrinologist', 'second', 17.07);
insert into Doctors (doctor_id, doctor_surname, doctor_name, doctor_speciality, doctor_qualification, service_cost) values (181, 'Sumers', 'Nancie', 'surgeon', 'the highest', 37.34);
insert into Doctors (doctor_id, doctor_surname, doctor_name, doctor_speciality, doctor_qualification, service_cost) values (182, 'Canfer', 'Minda', 'oncologist', 'the highest', 32.91);
insert into Doctors (doctor_id, doctor_surname, doctor_name, doctor_speciality, doctor_qualification, service_cost) values (183, 'Cosham', 'Rea', 'dermatologist', 'first', 18.48);
insert into Doctors (doctor_id, doctor_surname, doctor_name, doctor_speciality, doctor_qualification, service_cost) values (184, 'Kaser', 'Raquel', 'therapist', 'first', 1.53);
insert into Doctors (doctor_id, doctor_surname, doctor_name, doctor_speciality, doctor_qualification, service_cost) values (185, 'Bovingdon', 'Angie', 'cardiologist', 'second', 39.86);
insert into Doctors (doctor_id, doctor_surname, doctor_name, doctor_speciality, doctor_qualification, service_cost) values (186, 'Edlestone', 'Antonietta', 'therapist', 'second', 6.8);
insert into Doctors (doctor_id, doctor_surname, doctor_name, doctor_speciality, doctor_qualification, service_cost) values (187, 'Style', 'Cyril', 'cardiologist', 'the highest', 34.96);
insert into Doctors (doctor_id, doctor_surname, doctor_name, doctor_speciality, doctor_qualification, service_cost) values (188, 'Kelston', 'Adele', 'endocrinologist', 'second', 9.38);
insert into Doctors (doctor_id, doctor_surname, doctor_name, doctor_speciality, doctor_qualification, service_cost) values (189, 'Borer', 'Corine', 'endocrinologist', 'second', 24.62);
insert into Doctors (doctor_id, doctor_surname, doctor_name, doctor_speciality, doctor_qualification, service_cost) values (190, 'Poleykett', 'Kurtis', 'dentist', 'first', 21.15);
insert into Doctors (doctor_id, doctor_surname, doctor_name, doctor_speciality, doctor_qualification, service_cost) values (191, 'Coalburn', 'Lou', 'dermatologist', 'the highest', 12.55);
insert into Doctors (doctor_id, doctor_surname, doctor_name, doctor_speciality, doctor_qualification, service_cost) values (192, 'Sussams', 'Filberto', 'endocrinologist', 'second', 18.02);
insert into Doctors (doctor_id, doctor_surname, doctor_name, doctor_speciality, doctor_qualification, service_cost) values (193, 'Palffy', 'Adelina', 'psychiatrist', 'the highest', 25.27);
insert into Doctors (doctor_id, doctor_surname, doctor_name, doctor_speciality, doctor_qualification, service_cost) values (194, 'Klicher', 'Bartram', 'oncologist', 'first', 33.13);
insert into Doctors (doctor_id, doctor_surname, doctor_name, doctor_speciality, doctor_qualification, service_cost) values (195, 'de Wilde', 'Sayers', 'therapist', 'first', 12.06);
insert into Doctors (doctor_id, doctor_surname, doctor_name, doctor_speciality, doctor_qualification, service_cost) values (196, 'Whistance', 'Didi', 'cardiologist', 'the highest', 9.95);
insert into Doctors (doctor_id, doctor_surname, doctor_name, doctor_speciality, doctor_qualification, service_cost) values (197, 'Barajaz', 'Enrichetta', 'endocrinologist', 'the highest', 18.85);
insert into Doctors (doctor_id, doctor_surname, doctor_name, doctor_speciality, doctor_qualification, service_cost) values (198, 'Newvell', 'Nada', 'otolaryngologist', 'first', 17.61);
insert into Doctors (doctor_id, doctor_surname, doctor_name, doctor_speciality, doctor_qualification, service_cost) values (199, 'Bonwell', 'Andres', 'oncologist', 'second', 21.09);
insert into Doctors (doctor_id, doctor_surname, doctor_name, doctor_speciality, doctor_qualification, service_cost) values (200, 'McGlashan', 'Marketa', 'otolaryngologist', 'the highest', 23.12);

insert into Patients (patient_id, patient_surname, patient_name, patient_patronymic, patient_year_of_birth, citizen_category_id) values (1, 'Satterly', 'Valerye', 'Shellysheldon', 1998, 9);
insert into Patients (patient_id, patient_surname, patient_name, patient_patronymic, patient_year_of_birth, citizen_category_id) values (2, 'Phippin', 'Jolene', 'Weber', 1996, 2);
insert into Patients (patient_id, patient_surname, patient_name, patient_patronymic, patient_year_of_birth, citizen_category_id) values (3, 'Monkeman', 'Philippine', 'Tiebout', 2012, 3);
insert into Patients (patient_id, patient_surname, patient_name, patient_patronymic, patient_year_of_birth, citizen_category_id) values (4, 'Coners', 'Bradley', 'Denney', 2006, 4);
insert into Patients (patient_id, patient_surname, patient_name, patient_patronymic, patient_year_of_birth, citizen_category_id) values (5, 'Castard', 'Dulci', 'Dillon', 1991, 4);
insert into Patients (patient_id, patient_surname, patient_name, patient_patronymic, patient_year_of_birth, citizen_category_id) values (6, 'McQuorkel', 'Reginald', 'Ruy', 2008, 9);
insert into Patients (patient_id, patient_surname, patient_name, patient_patronymic, patient_year_of_birth, citizen_category_id) values (7, 'Parlet', 'Angelita', 'Damon', 2003, 6);
insert into Patients (patient_id, patient_surname, patient_name, patient_patronymic, patient_year_of_birth, citizen_category_id) values (8, 'Pinock', 'Glyn', 'Donall', 1985, 1);
insert into Patients (patient_id, patient_surname, patient_name, patient_patronymic, patient_year_of_birth, citizen_category_id) values (9, 'Condy', 'Jonas', 'John', 1992, 5);
insert into Patients (patient_id, patient_surname, patient_name, patient_patronymic, patient_year_of_birth, citizen_category_id) values (10, 'Harrowsmith', 'Pooh', 'Aguie', 2000, 7);
insert into Patients (patient_id, patient_surname, patient_name, patient_patronymic, patient_year_of_birth, citizen_category_id) values (11, 'Oxshott', 'Lucie', 'Chan', 1995, 2);
insert into Patients (patient_id, patient_surname, patient_name, patient_patronymic, patient_year_of_birth, citizen_category_id) values (12, 'Barrowclough', 'Enos', 'Elvis', 2004, 8);
insert into Patients (patient_id, patient_surname, patient_name, patient_patronymic, patient_year_of_birth, citizen_category_id) values (13, 'Cardus', 'Kaycee', 'Lannie', 2009, 2);
insert into Patients (patient_id, patient_surname, patient_name, patient_patronymic, patient_year_of_birth, citizen_category_id) values (14, 'Giacomello', 'Maureene', 'Quinton', 2011, 4);
insert into Patients (patient_id, patient_surname, patient_name, patient_patronymic, patient_year_of_birth, citizen_category_id) values (15, 'Demschke', 'Travus', 'Eberto', 1992, 6);
insert into Patients (patient_id, patient_surname, patient_name, patient_patronymic, patient_year_of_birth, citizen_category_id) values (16, 'Janse', 'Clerc', 'Brand', 2008, 8);
insert into Patients (patient_id, patient_surname, patient_name, patient_patronymic, patient_year_of_birth, citizen_category_id) values (17, 'Fairey', 'Gardie', 'Anderson', 1993, 6);
insert into Patients (patient_id, patient_surname, patient_name, patient_patronymic, patient_year_of_birth, citizen_category_id) values (18, 'Arnow', 'Arluene', 'Sterling', 1994, 9);
insert into Patients (patient_id, patient_surname, patient_name, patient_patronymic, patient_year_of_birth, citizen_category_id) values (19, 'Windridge', 'Gamaliel', 'Rey', 2003, 7);
insert into Patients (patient_id, patient_surname, patient_name, patient_patronymic, patient_year_of_birth, citizen_category_id) values (20, 'MacKilroe', 'Lew', 'Gregoire', 2009, 8);
insert into Patients (patient_id, patient_surname, patient_name, patient_patronymic, patient_year_of_birth, citizen_category_id) values (21, 'Thorp', 'Odilia', 'Brew', 1999, 3);
insert into Patients (patient_id, patient_surname, patient_name, patient_patronymic, patient_year_of_birth, citizen_category_id) values (22, 'Roderham', 'Bud', 'Uriel', 1995, 7);
insert into Patients (patient_id, patient_surname, patient_name, patient_patronymic, patient_year_of_birth, citizen_category_id) values (23, 'Buzine', 'Janith', 'Cirillo', 2007, 2);
insert into Patients (patient_id, patient_surname, patient_name, patient_patronymic, patient_year_of_birth, citizen_category_id) values (24, 'Custed', 'Harley', 'Tobin', 2001, 8);
insert into Patients (patient_id, patient_surname, patient_name, patient_patronymic, patient_year_of_birth, citizen_category_id) values (25, 'Borrett', 'Arabele', 'Zane', 2006, 2);
insert into Patients (patient_id, patient_surname, patient_name, patient_patronymic, patient_year_of_birth, citizen_category_id) values (26, 'MacAnulty', 'Jacenta', 'Ahmed', 2007, 2);
insert into Patients (patient_id, patient_surname, patient_name, patient_patronymic, patient_year_of_birth, citizen_category_id) values (27, 'Stores', 'Hildegarde', 'Miguel', 1989, 10);
insert into Patients (patient_id, patient_surname, patient_name, patient_patronymic, patient_year_of_birth, citizen_category_id) values (28, 'Tilte', 'Isahella', 'Alf', 2005, 8);
insert into Patients (patient_id, patient_surname, patient_name, patient_patronymic, patient_year_of_birth, citizen_category_id) values (29, 'Ingolotti', 'Gerhard', 'Mohandis', 1997, 10);
insert into Patients (patient_id, patient_surname, patient_name, patient_patronymic, patient_year_of_birth, citizen_category_id) values (30, 'Rupke', 'Trude', 'Guilbert', 2008, 3);
insert into Patients (patient_id, patient_surname, patient_name, patient_patronymic, patient_year_of_birth, citizen_category_id) values (31, 'Tallboy', 'Hyacinthia', 'Floyd', 2006, 10);
insert into Patients (patient_id, patient_surname, patient_name, patient_patronymic, patient_year_of_birth, citizen_category_id) values (32, 'Waite', 'Gibbie', 'Avrom', 1997, 4);
insert into Patients (patient_id, patient_surname, patient_name, patient_patronymic, patient_year_of_birth, citizen_category_id) values (33, 'Petzolt', 'Armand', 'Friedrick', 2005, 1);
insert into Patients (patient_id, patient_surname, patient_name, patient_patronymic, patient_year_of_birth, citizen_category_id) values (34, 'Harman', 'Bruce', 'Bancroft', 1999, 1);
insert into Patients (patient_id, patient_surname, patient_name, patient_patronymic, patient_year_of_birth, citizen_category_id) values (35, 'Napoli', 'Ferdinande', 'Brady', 2013, 7);
insert into Patients (patient_id, patient_surname, patient_name, patient_patronymic, patient_year_of_birth, citizen_category_id) values (36, 'Belly', 'Eldredge', 'Hugues', 2010, 1);
insert into Patients (patient_id, patient_surname, patient_name, patient_patronymic, patient_year_of_birth, citizen_category_id) values (37, 'Attock', 'Wallas', 'Harland', 2007, 3);
insert into Patients (patient_id, patient_surname, patient_name, patient_patronymic, patient_year_of_birth, citizen_category_id) values (38, 'Pay', 'Alana', 'Erroll', 1986, 8);
insert into Patients (patient_id, patient_surname, patient_name, patient_patronymic, patient_year_of_birth, citizen_category_id) values (39, 'Shilling', 'Tani', 'Patin', 1993, 7);
insert into Patients (patient_id, patient_surname, patient_name, patient_patronymic, patient_year_of_birth, citizen_category_id) values (40, 'Molloy', 'Sammie', 'Sylvan', 1994, 8);
insert into Patients (patient_id, patient_surname, patient_name, patient_patronymic, patient_year_of_birth, citizen_category_id) values (41, 'Churchin', 'Carin', 'Chaunce', 1996, 1);
insert into Patients (patient_id, patient_surname, patient_name, patient_patronymic, patient_year_of_birth, citizen_category_id) values (42, 'Wittering', 'Hercule', 'Ingamar', 2000, 2);
insert into Patients (patient_id, patient_surname, patient_name, patient_patronymic, patient_year_of_birth, citizen_category_id) values (43, 'Jinkinson', 'Scarface', 'Neill', 2009, 3);
insert into Patients (patient_id, patient_surname, patient_name, patient_patronymic, patient_year_of_birth, citizen_category_id) values (44, 'Causier', 'Emelen', 'Menard', 1991, 2);
insert into Patients (patient_id, patient_surname, patient_name, patient_patronymic, patient_year_of_birth, citizen_category_id) values (45, 'Maffione', 'Auroora', 'Lemuel', 2010, 9);
insert into Patients (patient_id, patient_surname, patient_name, patient_patronymic, patient_year_of_birth, citizen_category_id) values (46, 'Stronough', 'Glen', 'Orton', 1992, 8);
insert into Patients (patient_id, patient_surname, patient_name, patient_patronymic, patient_year_of_birth, citizen_category_id) values (47, 'Bussell', 'Melvyn', 'Janek', 2001, 3);
insert into Patients (patient_id, patient_surname, patient_name, patient_patronymic, patient_year_of_birth, citizen_category_id) values (48, 'Mazzilli', 'Elsbeth', 'Zacharias', 1994, 9);
insert into Patients (patient_id, patient_surname, patient_name, patient_patronymic, patient_year_of_birth, citizen_category_id) values (49, 'Laycock', 'Roana', 'Rosco', 2012, 4);
insert into Patients (patient_id, patient_surname, patient_name, patient_patronymic, patient_year_of_birth, citizen_category_id) values (50, 'Garz', 'Karine', 'Sheff', 1987, 5);
insert into Patients (patient_id, patient_surname, patient_name, patient_patronymic, patient_year_of_birth, citizen_category_id) values (51, 'Zuanazzi', 'Christan', 'Bearnard', 2011, 3);
insert into Patients (patient_id, patient_surname, patient_name, patient_patronymic, patient_year_of_birth, citizen_category_id) values (52, 'Jeffers', 'Iolanthe', 'Paulo', 1999, 5);
insert into Patients (patient_id, patient_surname, patient_name, patient_patronymic, patient_year_of_birth, citizen_category_id) values (53, 'Polkinhorn', 'Pernell', 'Adamo', 1997, 9);
insert into Patients (patient_id, patient_surname, patient_name, patient_patronymic, patient_year_of_birth, citizen_category_id) values (54, 'Collcott', 'Jany', 'Pail', 2003, 5);
insert into Patients (patient_id, patient_surname, patient_name, patient_patronymic, patient_year_of_birth, citizen_category_id) values (55, 'Scay', 'Arvie', 'Nathan', 2010, 7);
insert into Patients (patient_id, patient_surname, patient_name, patient_patronymic, patient_year_of_birth, citizen_category_id) values (56, 'Betham', 'Beau', 'Leroy', 1993, 2);
insert into Patients (patient_id, patient_surname, patient_name, patient_patronymic, patient_year_of_birth, citizen_category_id) values (57, 'Chasmor', 'Cyndie', 'Leonid', 2003, 4);
insert into Patients (patient_id, patient_surname, patient_name, patient_patronymic, patient_year_of_birth, citizen_category_id) values (58, 'Bilbery', 'Rog', 'Neil', 2012, 6);
insert into Patients (patient_id, patient_surname, patient_name, patient_patronymic, patient_year_of_birth, citizen_category_id) values (59, 'Yele', 'Bryanty', 'Hermy', 1997, 2);
insert into Patients (patient_id, patient_surname, patient_name, patient_patronymic, patient_year_of_birth, citizen_category_id) values (60, 'Barnham', 'Cris', 'Byron', 1986, 7);
insert into Patients (patient_id, patient_surname, patient_name, patient_patronymic, patient_year_of_birth, citizen_category_id) values (61, 'Roofe', 'Veronike', 'Aldin', 2005, 2);
insert into Patients (patient_id, patient_surname, patient_name, patient_patronymic, patient_year_of_birth, citizen_category_id) values (62, 'Emerson', 'Gustav', 'Artemus', 2007, 3);
insert into Patients (patient_id, patient_surname, patient_name, patient_patronymic, patient_year_of_birth, citizen_category_id) values (63, 'Crack', 'Dasi', 'Ignacius', 1950, 8);
insert into Patients (patient_id, patient_surname, patient_name, patient_patronymic, patient_year_of_birth, citizen_category_id) values (64, 'Wyer', 'Carolynn', 'Hodge', 2001, 4);
insert into Patients (patient_id, patient_surname, patient_name, patient_patronymic, patient_year_of_birth, citizen_category_id) values (65, 'Jermyn', 'Normand', 'Andrus', 1984, 9);
insert into Patients (patient_id, patient_surname, patient_name, patient_patronymic, patient_year_of_birth, citizen_category_id) values (66, 'Dowyer', 'Godfry', 'Dalis', 2002, 8);
insert into Patients (patient_id, patient_surname, patient_name, patient_patronymic, patient_year_of_birth, citizen_category_id) values (67, 'Greenmon', 'Meredithe', 'Thaddus', 2002, 7);
insert into Patients (patient_id, patient_surname, patient_name, patient_patronymic, patient_year_of_birth, citizen_category_id) values (68, 'Halle', 'Nehemiah', 'Mike', 2011, 9);
insert into Patients (patient_id, patient_surname, patient_name, patient_patronymic, patient_year_of_birth, citizen_category_id) values (69, 'Trump', 'Ring', 'Willem', 2008, 7);
insert into Patients (patient_id, patient_surname, patient_name, patient_patronymic, patient_year_of_birth, citizen_category_id) values (70, 'Epdell', 'Rhetta', 'Thane', 2000, 4);
insert into Patients (patient_id, patient_surname, patient_name, patient_patronymic, patient_year_of_birth, citizen_category_id) values (71, 'Gavrieli', 'Cedric', 'Isaiah', 1989, 3);
insert into Patients (patient_id, patient_surname, patient_name, patient_patronymic, patient_year_of_birth, citizen_category_id) values (72, 'Jessard', 'Arne', 'Bertrand', 1977, 2);
insert into Patients (patient_id, patient_surname, patient_name, patient_patronymic, patient_year_of_birth, citizen_category_id) values (73, 'Mallabon', 'Reyna', 'Sheppard', 2004, 4);
insert into Patients (patient_id, patient_surname, patient_name, patient_patronymic, patient_year_of_birth, citizen_category_id) values (74, 'Cleiment', 'Conroy', 'Domenic', 2007, 5);
insert into Patients (patient_id, patient_surname, patient_name, patient_patronymic, patient_year_of_birth, citizen_category_id) values (75, 'O''Feeny', 'Lucian', 'Josiah', 2009, 5);
insert into Patients (patient_id, patient_surname, patient_name, patient_patronymic, patient_year_of_birth, citizen_category_id) values (76, 'Quinnell', 'Fons', 'Shurlocke', 2012, 3);
insert into Patients (patient_id, patient_surname, patient_name, patient_patronymic, patient_year_of_birth, citizen_category_id) values (77, 'Nowlan', 'Neysa', 'Bertrand', 2006, 6);
insert into Patients (patient_id, patient_surname, patient_name, patient_patronymic, patient_year_of_birth, citizen_category_id) values (78, 'Pallent', 'Kalvin', 'Sigfried', 1993, 7);
insert into Patients (patient_id, patient_surname, patient_name, patient_patronymic, patient_year_of_birth, citizen_category_id) values (79, 'Lashmar', 'Warden', 'Guillaume', 2000, 9);
insert into Patients (patient_id, patient_surname, patient_name, patient_patronymic, patient_year_of_birth, citizen_category_id) values (80, 'Sircomb', 'Laurent', 'Nichole', 1995, 4);
insert into Patients (patient_id, patient_surname, patient_name, patient_patronymic, patient_year_of_birth, citizen_category_id) values (81, 'Neaverson', 'Donnamarie', 'Franky', 2001, 5);
insert into Patients (patient_id, patient_surname, patient_name, patient_patronymic, patient_year_of_birth, citizen_category_id) values (82, 'Staneland', 'Simeon', 'Staford', 1994, 6);
insert into Patients (patient_id, patient_surname, patient_name, patient_patronymic, patient_year_of_birth, citizen_category_id) values (83, 'Winterton', 'Charley', 'Nevil', 2010, 5);
insert into Patients (patient_id, patient_surname, patient_name, patient_patronymic, patient_year_of_birth, citizen_category_id) values (84, 'Spinnace', 'Damian', 'Bail', 2010, 4);
insert into Patients (patient_id, patient_surname, patient_name, patient_patronymic, patient_year_of_birth, citizen_category_id) values (85, 'Hedon', 'Stephanus', 'Reinald', 1994, 10);
insert into Patients (patient_id, patient_surname, patient_name, patient_patronymic, patient_year_of_birth, citizen_category_id) values (86, 'Shaves', 'Ariela', 'Tremayne', 1996, 2);
insert into Patients (patient_id, patient_surname, patient_name, patient_patronymic, patient_year_of_birth, citizen_category_id) values (87, 'Rumble', 'Graehme', 'Des', 2006, 2);
insert into Patients (patient_id, patient_surname, patient_name, patient_patronymic, patient_year_of_birth, citizen_category_id) values (88, 'Moreinis', 'Herb', 'Hiram', 2003, 5);
insert into Patients (patient_id, patient_surname, patient_name, patient_patronymic, patient_year_of_birth, citizen_category_id) values (89, 'Trodler', 'Marlo', 'William', 2006, 7);
insert into Patients (patient_id, patient_surname, patient_name, patient_patronymic, patient_year_of_birth, citizen_category_id) values (90, 'Lemmon', 'Margeaux', 'Esra', 2010, 7);
insert into Patients (patient_id, patient_surname, patient_name, patient_patronymic, patient_year_of_birth, citizen_category_id) values (91, 'Worsham', 'Rowena', 'Jasen', 2006, 5);
insert into Patients (patient_id, patient_surname, patient_name, patient_patronymic, patient_year_of_birth, citizen_category_id) values (92, 'Bardwall', 'Annamarie', 'Thedric', 1997, 3);
insert into Patients (patient_id, patient_surname, patient_name, patient_patronymic, patient_year_of_birth, citizen_category_id) values (93, 'Jakubovits', 'Shellysheldon', 'Theodor', 1989, 2);
insert into Patients (patient_id, patient_surname, patient_name, patient_patronymic, patient_year_of_birth, citizen_category_id) values (94, 'Readwin', 'Jilleen', 'Alasteir', 2002, 6);
insert into Patients (patient_id, patient_surname, patient_name, patient_patronymic, patient_year_of_birth, citizen_category_id) values (95, 'Wayte', 'Deina', 'Hal', 2006, 2);
insert into Patients (patient_id, patient_surname, patient_name, patient_patronymic, patient_year_of_birth, citizen_category_id) values (96, 'Klaaasen', 'Guillermo', 'Fabe', 2002, 10);
insert into Patients (patient_id, patient_surname, patient_name, patient_patronymic, patient_year_of_birth, citizen_category_id) values (97, 'Nayshe', 'Fonz', 'Renard', 2000, 6);
insert into Patients (patient_id, patient_surname, patient_name, patient_patronymic, patient_year_of_birth, citizen_category_id) values (98, 'Bernasek', 'Christabella', 'Hamilton', 1999, 6);
insert into Patients (patient_id, patient_surname, patient_name, patient_patronymic, patient_year_of_birth, citizen_category_id) values (99, 'Cawdery', 'Philly', 'Jory', 2002, 3);
insert into Patients (patient_id, patient_surname, patient_name, patient_patronymic, patient_year_of_birth, citizen_category_id) values (100, 'Ackerley', 'Tawnya', 'Olin', 1994, 2);
insert into Patients (patient_id, patient_surname, patient_name, patient_patronymic, patient_year_of_birth, citizen_category_id) values (101, 'Kener', 'Annadiane', 'Arthur', 2006, 9);
insert into Patients (patient_id, patient_surname, patient_name, patient_patronymic, patient_year_of_birth, citizen_category_id) values (102, 'Vinall', 'Garnet', 'Erastus', 2009, 10);
insert into Patients (patient_id, patient_surname, patient_name, patient_patronymic, patient_year_of_birth, citizen_category_id) values (103, 'Van Leeuwen', 'Michale', 'Bertie', 1998, 3);
insert into Patients (patient_id, patient_surname, patient_name, patient_patronymic, patient_year_of_birth, citizen_category_id) values (104, 'Pallasch', 'Britt', 'Lockwood', 1991, 9);
insert into Patients (patient_id, patient_surname, patient_name, patient_patronymic, patient_year_of_birth, citizen_category_id) values (105, 'Faraker', 'Eudora', 'Christoper', 2012, 7);
insert into Patients (patient_id, patient_surname, patient_name, patient_patronymic, patient_year_of_birth, citizen_category_id) values (106, 'Grinyov', 'Pinchas', 'Hanson', 1981, 8);
insert into Patients (patient_id, patient_surname, patient_name, patient_patronymic, patient_year_of_birth, citizen_category_id) values (107, 'Digwood', 'Allegra', 'Nathaniel', 2011, 5);
insert into Patients (patient_id, patient_surname, patient_name, patient_patronymic, patient_year_of_birth, citizen_category_id) values (108, 'Hyndman', 'Darwin', 'Richart', 2011, 8);
insert into Patients (patient_id, patient_surname, patient_name, patient_patronymic, patient_year_of_birth, citizen_category_id) values (109, 'Hofner', 'Beale', 'Homer', 2005, 3);
insert into Patients (patient_id, patient_surname, patient_name, patient_patronymic, patient_year_of_birth, citizen_category_id) values (110, 'Stirley', 'Claudell', 'Ruy', 1990, 5);
insert into Patients (patient_id, patient_surname, patient_name, patient_patronymic, patient_year_of_birth, citizen_category_id) values (111, 'Pareman', 'Arabella', 'Dallon', 1992, 8);
insert into Patients (patient_id, patient_surname, patient_name, patient_patronymic, patient_year_of_birth, citizen_category_id) values (112, 'Jacobowicz', 'Rosalinde', 'Dallon', 2007, 8);
insert into Patients (patient_id, patient_surname, patient_name, patient_patronymic, patient_year_of_birth, citizen_category_id) values (113, 'Proschke', 'Eleanore', 'Bobbie', 2012, 2);
insert into Patients (patient_id, patient_surname, patient_name, patient_patronymic, patient_year_of_birth, citizen_category_id) values (114, 'Cawthorn', 'Roxanna', 'Chip', 1984, 4);
insert into Patients (patient_id, patient_surname, patient_name, patient_patronymic, patient_year_of_birth, citizen_category_id) values (115, 'Standing', 'Emmit', 'Adolphe', 2009, 2);
insert into Patients (patient_id, patient_surname, patient_name, patient_patronymic, patient_year_of_birth, citizen_category_id) values (116, 'Richard', 'Demetra', 'Maurie', 1996, 6);
insert into Patients (patient_id, patient_surname, patient_name, patient_patronymic, patient_year_of_birth, citizen_category_id) values (117, 'Janout', 'Queenie', 'Abdul', 2010, 8);
insert into Patients (patient_id, patient_surname, patient_name, patient_patronymic, patient_year_of_birth, citizen_category_id) values (118, 'Ervin', 'Corny', 'Mort', 1993, 3);
insert into Patients (patient_id, patient_surname, patient_name, patient_patronymic, patient_year_of_birth, citizen_category_id) values (119, 'Churms', 'Betty', 'Rudie', 2006, 1);
insert into Patients (patient_id, patient_surname, patient_name, patient_patronymic, patient_year_of_birth, citizen_category_id) values (120, 'Follen', 'Athena', 'Alfredo', 2011, 8);
insert into Patients (patient_id, patient_surname, patient_name, patient_patronymic, patient_year_of_birth, citizen_category_id) values (121, 'Brearton', 'Mariette', 'Raoul', 2007, 3);
insert into Patients (patient_id, patient_surname, patient_name, patient_patronymic, patient_year_of_birth, citizen_category_id) values (122, 'Shimman', 'Bernadene', 'Lonny', 2009, 10);
insert into Patients (patient_id, patient_surname, patient_name, patient_patronymic, patient_year_of_birth, citizen_category_id) values (123, 'Sherel', 'Lucienne', 'Brant', 1994, 7);
insert into Patients (patient_id, patient_surname, patient_name, patient_patronymic, patient_year_of_birth, citizen_category_id) values (124, 'Snooks', 'Grove', 'Lucian', 1993, 6);
insert into Patients (patient_id, patient_surname, patient_name, patient_patronymic, patient_year_of_birth, citizen_category_id) values (125, 'Oakman', 'Julianna', 'Abbot', 2012, 1);
insert into Patients (patient_id, patient_surname, patient_name, patient_patronymic, patient_year_of_birth, citizen_category_id) values (126, 'Ygou', 'Shawn', 'Hermie', 1994, 6);
insert into Patients (patient_id, patient_surname, patient_name, patient_patronymic, patient_year_of_birth, citizen_category_id) values (127, 'Layzell', 'Druci', 'Orton', 1984, 10);
insert into Patients (patient_id, patient_surname, patient_name, patient_patronymic, patient_year_of_birth, citizen_category_id) values (128, 'Krier', 'Pyotr', 'Immanuel', 2008, 4);
insert into Patients (patient_id, patient_surname, patient_name, patient_patronymic, patient_year_of_birth, citizen_category_id) values (129, 'Macguire', 'Fanny', 'Drake', 1993, 6);
insert into Patients (patient_id, patient_surname, patient_name, patient_patronymic, patient_year_of_birth, citizen_category_id) values (130, 'Dowglass', 'Maddie', 'Markus', 2011, 3);
insert into Patients (patient_id, patient_surname, patient_name, patient_patronymic, patient_year_of_birth, citizen_category_id) values (131, 'Linfitt', 'Waldon', 'Aguie', 2011, 6);
insert into Patients (patient_id, patient_surname, patient_name, patient_patronymic, patient_year_of_birth, citizen_category_id) values (132, 'Gellion', 'Baird', 'Mohandis', 1993, 10);
insert into Patients (patient_id, patient_surname, patient_name, patient_patronymic, patient_year_of_birth, citizen_category_id) values (133, 'Britney', 'Albie', 'Wallie', 2005, 9);
insert into Patients (patient_id, patient_surname, patient_name, patient_patronymic, patient_year_of_birth, citizen_category_id) values (134, 'Allicock', 'Anabelle', 'Sancho', 2011, 6);
insert into Patients (patient_id, patient_surname, patient_name, patient_patronymic, patient_year_of_birth, citizen_category_id) values (135, 'Doig', 'Cyndi', 'Bran', 2010, 8);
insert into Patients (patient_id, patient_surname, patient_name, patient_patronymic, patient_year_of_birth, citizen_category_id) values (136, 'Lownes', 'Garrard', 'Nicolais', 1988, 10);
insert into Patients (patient_id, patient_surname, patient_name, patient_patronymic, patient_year_of_birth, citizen_category_id) values (137, 'Barford', 'Wilmar', 'Gar', 2005, 5);
insert into Patients (patient_id, patient_surname, patient_name, patient_patronymic, patient_year_of_birth, citizen_category_id) values (138, 'Kernar', 'Hurlee', 'Gallagher', 1994, 2);
insert into Patients (patient_id, patient_surname, patient_name, patient_patronymic, patient_year_of_birth, citizen_category_id) values (139, 'Lamont', 'Claudina', 'Godard', 1996, 10);
insert into Patients (patient_id, patient_surname, patient_name, patient_patronymic, patient_year_of_birth, citizen_category_id) values (140, 'McNair', 'Clarance', 'Cassie', 2003, 8);
insert into Patients (patient_id, patient_surname, patient_name, patient_patronymic, patient_year_of_birth, citizen_category_id) values (141, 'Collip', 'Maible', 'Rolfe', 2004, 10);
insert into Patients (patient_id, patient_surname, patient_name, patient_patronymic, patient_year_of_birth, citizen_category_id) values (142, 'Colbertson', 'Taylor', 'Raffarty', 2008, 10);
insert into Patients (patient_id, patient_surname, patient_name, patient_patronymic, patient_year_of_birth, citizen_category_id) values (143, 'Whitefoot', 'Callida', 'Riley', 1990, 7);
insert into Patients (patient_id, patient_surname, patient_name, patient_patronymic, patient_year_of_birth, citizen_category_id) values (144, 'Pershouse', 'Mollee', 'Georgy', 1999, 2);
insert into Patients (patient_id, patient_surname, patient_name, patient_patronymic, patient_year_of_birth, citizen_category_id) values (145, 'Novill', 'Obediah', 'Val', 2011, 6);
insert into Patients (patient_id, patient_surname, patient_name, patient_patronymic, patient_year_of_birth, citizen_category_id) values (146, 'Lowrey', 'Mariellen', 'Bank', 2009, 5);
insert into Patients (patient_id, patient_surname, patient_name, patient_patronymic, patient_year_of_birth, citizen_category_id) values (147, 'Pitrasso', 'Dasie', 'Skyler', 1995, 9);
insert into Patients (patient_id, patient_surname, patient_name, patient_patronymic, patient_year_of_birth, citizen_category_id) values (148, 'Bridgstock', 'Nicolis', 'Kiley', 2001, 2);
insert into Patients (patient_id, patient_surname, patient_name, patient_patronymic, patient_year_of_birth, citizen_category_id) values (149, 'Ranklin', 'Corbie', 'Arlan', 1993, 8);
insert into Patients (patient_id, patient_surname, patient_name, patient_patronymic, patient_year_of_birth, citizen_category_id) values (150, 'Yoell', 'Claudio', 'Alyosha', 2007, 3);
insert into Patients (patient_id, patient_surname, patient_name, patient_patronymic, patient_year_of_birth, citizen_category_id) values (151, 'Machel', 'Carny', 'Even', 2010, 5);
insert into Patients (patient_id, patient_surname, patient_name, patient_patronymic, patient_year_of_birth, citizen_category_id) values (152, 'Gilfoy', 'Garth', 'Petr', 2011, 10);
insert into Patients (patient_id, patient_surname, patient_name, patient_patronymic, patient_year_of_birth, citizen_category_id) values (153, 'De La Salle', 'Aggie', 'Albrecht', 2001, 7);
insert into Patients (patient_id, patient_surname, patient_name, patient_patronymic, patient_year_of_birth, citizen_category_id) values (154, 'Kearsley', 'Hadlee', 'Zachary', 2002, 8);
insert into Patients (patient_id, patient_surname, patient_name, patient_patronymic, patient_year_of_birth, citizen_category_id) values (155, 'Caneo', 'Efrem', 'Benn', 2000, 3);
insert into Patients (patient_id, patient_surname, patient_name, patient_patronymic, patient_year_of_birth, citizen_category_id) values (156, 'Franceschino', 'Benn', 'Tedd', 2009, 4);
insert into Patients (patient_id, patient_surname, patient_name, patient_patronymic, patient_year_of_birth, citizen_category_id) values (157, 'Boarder', 'Erminia', 'Nowell', 2000, 5);
insert into Patients (patient_id, patient_surname, patient_name, patient_patronymic, patient_year_of_birth, citizen_category_id) values (158, 'Gross', 'Xenos', 'Currie', 2008, 7);
insert into Patients (patient_id, patient_surname, patient_name, patient_patronymic, patient_year_of_birth, citizen_category_id) values (159, 'Riddiough', 'Rosene', 'Chad', 1978, 10);
insert into Patients (patient_id, patient_surname, patient_name, patient_patronymic, patient_year_of_birth, citizen_category_id) values (160, 'Bilson', 'Orren', 'Conan', 1999, 7);
insert into Patients (patient_id, patient_surname, patient_name, patient_patronymic, patient_year_of_birth, citizen_category_id) values (161, 'Wilkenson', 'Alyse', 'Edgardo', 2001, 1);
insert into Patients (patient_id, patient_surname, patient_name, patient_patronymic, patient_year_of_birth, citizen_category_id) values (162, 'Zanicchelli', 'Elmer', 'Kayne', 2009, 2);
insert into Patients (patient_id, patient_surname, patient_name, patient_patronymic, patient_year_of_birth, citizen_category_id) values (163, 'Dalgliesh', 'Barr', 'Darin', 2003, 8);
insert into Patients (patient_id, patient_surname, patient_name, patient_patronymic, patient_year_of_birth, citizen_category_id) values (164, 'Tattam', 'Giralda', 'Seymour', 2000, 2);
insert into Patients (patient_id, patient_surname, patient_name, patient_patronymic, patient_year_of_birth, citizen_category_id) values (165, 'Allman', 'Rustin', 'Dean', 1997, 7);
insert into Patients (patient_id, patient_surname, patient_name, patient_patronymic, patient_year_of_birth, citizen_category_id) values (166, 'Buchett', 'Suzann', 'Jaymie', 2003, 9);
insert into Patients (patient_id, patient_surname, patient_name, patient_patronymic, patient_year_of_birth, citizen_category_id) values (167, 'Rubrow', 'Raye', 'Lenci', 2009, 8);
insert into Patients (patient_id, patient_surname, patient_name, patient_patronymic, patient_year_of_birth, citizen_category_id) values (168, 'Mathevet', 'Aldus', 'Flory', 2001, 5);
insert into Patients (patient_id, patient_surname, patient_name, patient_patronymic, patient_year_of_birth, citizen_category_id) values (169, 'Quakley', 'Sallee', 'Georgie', 2007, 5);
insert into Patients (patient_id, patient_surname, patient_name, patient_patronymic, patient_year_of_birth, citizen_category_id) values (170, 'McVity', 'Hogan', 'Randolph', 1993, 1);
insert into Patients (patient_id, patient_surname, patient_name, patient_patronymic, patient_year_of_birth, citizen_category_id) values (171, 'Goodsell', 'Catarina', 'Knox', 2007, 10);
insert into Patients (patient_id, patient_surname, patient_name, patient_patronymic, patient_year_of_birth, citizen_category_id) values (172, 'Hatchett', 'Reginald', 'Shaw', 2007, 10);
insert into Patients (patient_id, patient_surname, patient_name, patient_patronymic, patient_year_of_birth, citizen_category_id) values (173, 'Cabral', 'Ava', 'Skipton', 2005, 2);
insert into Patients (patient_id, patient_surname, patient_name, patient_patronymic, patient_year_of_birth, citizen_category_id) values (174, 'Guiver', 'Aluin', 'Brendis', 2000, 5);
insert into Patients (patient_id, patient_surname, patient_name, patient_patronymic, patient_year_of_birth, citizen_category_id) values (175, 'Upcraft', 'Kevon', 'Kalle', 2001, 9);
insert into Patients (patient_id, patient_surname, patient_name, patient_patronymic, patient_year_of_birth, citizen_category_id) values (176, 'Parke', 'Lucille', 'Harwilll', 2012, 4);
insert into Patients (patient_id, patient_surname, patient_name, patient_patronymic, patient_year_of_birth, citizen_category_id) values (177, 'Kop', 'Belinda', 'Eadmund', 1983, 6);
insert into Patients (patient_id, patient_surname, patient_name, patient_patronymic, patient_year_of_birth, citizen_category_id) values (178, 'Lansberry', 'Nicky', 'Freeman', 1995, 6);
insert into Patients (patient_id, patient_surname, patient_name, patient_patronymic, patient_year_of_birth, citizen_category_id) values (179, 'Dewfall', 'Brit', 'Papageno', 1985, 5);
insert into Patients (patient_id, patient_surname, patient_name, patient_patronymic, patient_year_of_birth, citizen_category_id) values (180, 'Mitrikhin', 'Norah', 'Stefano', 2004, 10);
insert into Patients (patient_id, patient_surname, patient_name, patient_patronymic, patient_year_of_birth, citizen_category_id) values (181, 'Andreuzzi', 'Dallas', 'Englebert', 2000, 9);
insert into Patients (patient_id, patient_surname, patient_name, patient_patronymic, patient_year_of_birth, citizen_category_id) values (182, 'Tryme', 'Rogers', 'Joe', 1992, 3);
insert into Patients (patient_id, patient_surname, patient_name, patient_patronymic, patient_year_of_birth, citizen_category_id) values (183, 'Rivalant', 'Darryl', 'Kellen', 2001, 1);
insert into Patients (patient_id, patient_surname, patient_name, patient_patronymic, patient_year_of_birth, citizen_category_id) values (184, 'Lumbly', 'Fredericka', 'Artur', 1990, 4);
insert into Patients (patient_id, patient_surname, patient_name, patient_patronymic, patient_year_of_birth, citizen_category_id) values (185, 'Blaylock', 'Bobbee', 'Levon', 1993, 4);
insert into Patients (patient_id, patient_surname, patient_name, patient_patronymic, patient_year_of_birth, citizen_category_id) values (186, 'Kingzeth', 'Tobey', 'Alford', 1996, 3);
insert into Patients (patient_id, patient_surname, patient_name, patient_patronymic, patient_year_of_birth, citizen_category_id) values (187, 'Twiddy', 'Lauritz', 'Donnie', 2009, 9);
insert into Patients (patient_id, patient_surname, patient_name, patient_patronymic, patient_year_of_birth, citizen_category_id) values (188, 'Spillard', 'Osmond', 'Buddie', 1995, 3);
insert into Patients (patient_id, patient_surname, patient_name, patient_patronymic, patient_year_of_birth, citizen_category_id) values (189, 'Kochs', 'Dallon', 'Clifford', 1987, 2);
insert into Patients (patient_id, patient_surname, patient_name, patient_patronymic, patient_year_of_birth, citizen_category_id) values (190, 'Bailey', 'Herculie', 'Tudor', 1996, 6);
insert into Patients (patient_id, patient_surname, patient_name, patient_patronymic, patient_year_of_birth, citizen_category_id) values (191, 'Klimp', 'Rip', 'Biron', 2004, 1);
insert into Patients (patient_id, patient_surname, patient_name, patient_patronymic, patient_year_of_birth, citizen_category_id) values (192, 'Payton', 'Dun', 'Aluin', 2001, 8);
insert into Patients (patient_id, patient_surname, patient_name, patient_patronymic, patient_year_of_birth, citizen_category_id) values (193, 'O''Scanlan', 'Teena', 'Rudiger', 1988, 5);
insert into Patients (patient_id, patient_surname, patient_name, patient_patronymic, patient_year_of_birth, citizen_category_id) values (194, 'Klimushev', 'Sterne', 'Morgan', 1985, 3);
insert into Patients (patient_id, patient_surname, patient_name, patient_patronymic, patient_year_of_birth, citizen_category_id) values (195, 'Kenneway', 'Lisabeth', 'Mylo', 2007, 9);
insert into Patients (patient_id, patient_surname, patient_name, patient_patronymic, patient_year_of_birth, citizen_category_id) values (196, 'Kendall', 'Bert', 'Luigi', 2008, 2);
insert into Patients (patient_id, patient_surname, patient_name, patient_patronymic, patient_year_of_birth, citizen_category_id) values (197, 'Dommersen', 'Gustave', 'Davide', 2011, 2);
insert into Patients (patient_id, patient_surname, patient_name, patient_patronymic, patient_year_of_birth, citizen_category_id) values (198, 'Gonsalo', 'Dawna', 'Vinson', 1994, 8);
insert into Patients (patient_id, patient_surname, patient_name, patient_patronymic, patient_year_of_birth, citizen_category_id) values (199, 'Attrill', 'Gene', 'Merle', 1992, 3);
insert into Patients (patient_id, patient_surname, patient_name, patient_patronymic, patient_year_of_birth, citizen_category_id) values (200, 'Gantzman', 'Roby', 'Winifield', 2010, 9);

insert into Admissions (admission_id, patient_id, treatment_cost, admission_date) values (1, 156, 37.66, '2020-08-04');
insert into Admissions (admission_id, patient_id, treatment_cost, admission_date) values (2, 28, 30.18, '2019-01-16');
insert into Admissions (admission_id, patient_id, treatment_cost, admission_date) values (3, 83, 33.5, '2020-04-10');
insert into Admissions (admission_id, patient_id, treatment_cost, admission_date) values (4, 161, 14.14, '2018-07-06');
insert into Admissions (admission_id, patient_id, treatment_cost, admission_date) values (5, 69, 6.15, '2018-03-25');
insert into Admissions (admission_id, patient_id, treatment_cost, admission_date) values (6, 66, 46.74, '2019-08-21');
insert into Admissions (admission_id, patient_id, treatment_cost, admission_date) values (7, 184, 20.39, '2018-09-28');
insert into Admissions (admission_id, patient_id, treatment_cost, admission_date) values (8, 161, 31.11, '2018-06-11');
insert into Admissions (admission_id, patient_id, treatment_cost, admission_date) values (9, 179, 9.33, '2018-02-14');
insert into Admissions (admission_id, patient_id, treatment_cost, admission_date) values (10, 162, 22.25, '2018-08-16');
insert into Admissions (admission_id, patient_id, treatment_cost, admission_date) values (11, 117, 13.9, '2019-05-02');
insert into Admissions (admission_id, patient_id, treatment_cost, admission_date) values (12, 75, 20.74, '2018-02-04');
insert into Admissions (admission_id, patient_id, treatment_cost, admission_date) values (13, 190, 11.0, '2019-07-22');
insert into Admissions (admission_id, patient_id, treatment_cost, admission_date) values (14, 5, 41.4, '2019-08-05');
insert into Admissions (admission_id, patient_id, treatment_cost, admission_date) values (15, 103, 32.14, '2019-06-26');
insert into Admissions (admission_id, patient_id, treatment_cost, admission_date) values (16, 66, 25.72, '2020-10-30');
insert into Admissions (admission_id, patient_id, treatment_cost, admission_date) values (17, 169, 9.19, '2019-10-30');
insert into Admissions (admission_id, patient_id, treatment_cost, admission_date) values (18, 121, 32.6, '2020-01-25');
insert into Admissions (admission_id, patient_id, treatment_cost, admission_date) values (19, 86, 2.75, '2018-01-12');
insert into Admissions (admission_id, patient_id, treatment_cost, admission_date) values (20, 65, 38.1, '2019-10-18');
insert into Admissions (admission_id, patient_id, treatment_cost, admission_date) values (21, 103, 12.77, '2020-05-30');
insert into Admissions (admission_id, patient_id, treatment_cost, admission_date) values (22, 58, 13.08, '2019-07-05');
insert into Admissions (admission_id, patient_id, treatment_cost, admission_date) values (23, 39, 21.12, '2020-08-23');
insert into Admissions (admission_id, patient_id, treatment_cost, admission_date) values (24, 4, 8.59, '2020-05-12');
insert into Admissions (admission_id, patient_id, treatment_cost, admission_date) values (25, 49, 36.18, '2018-05-31');
insert into Admissions (admission_id, patient_id, treatment_cost, admission_date) values (26, 102, 4.1, '2019-11-17');
insert into Admissions (admission_id, patient_id, treatment_cost, admission_date) values (27, 147, 22.58, '2020-03-10');
insert into Admissions (admission_id, patient_id, treatment_cost, admission_date) values (28, 186, 3.89, '2018-08-11');
insert into Admissions (admission_id, patient_id, treatment_cost, admission_date) values (29, 46, 3.17, '2020-08-31');
insert into Admissions (admission_id, patient_id, treatment_cost, admission_date) values (30, 38, 48.09, '2018-12-22');
insert into Admissions (admission_id, patient_id, treatment_cost, admission_date) values (31, 126, 46.57, '2018-12-16');
insert into Admissions (admission_id, patient_id, treatment_cost, admission_date) values (32, 186, 9.24, '2020-09-20');
insert into Admissions (admission_id, patient_id, treatment_cost, admission_date) values (33, 198, 28.49, '2019-10-07');
insert into Admissions (admission_id, patient_id, treatment_cost, admission_date) values (34, 24, 15.65, '2019-06-15');
insert into Admissions (admission_id, patient_id, treatment_cost, admission_date) values (35, 97, 10.26, '2020-10-02');
insert into Admissions (admission_id, patient_id, treatment_cost, admission_date) values (36, 9, 19.6, '2020-10-29');
insert into Admissions (admission_id, patient_id, treatment_cost, admission_date) values (37, 141, 36.62, '2019-11-14');
insert into Admissions (admission_id, patient_id, treatment_cost, admission_date) values (38, 121, 26.36, '2019-08-18');
insert into Admissions (admission_id, patient_id, treatment_cost, admission_date) values (39, 49, 33.66, '2019-01-04');
insert into Admissions (admission_id, patient_id, treatment_cost, admission_date) values (40, 45, 39.86, '2020-07-14');
insert into Admissions (admission_id, patient_id, treatment_cost, admission_date) values (41, 193, 28.07, '2019-05-24');
insert into Admissions (admission_id, patient_id, treatment_cost, admission_date) values (42, 100, 25.1, '2019-09-17');
insert into Admissions (admission_id, patient_id, treatment_cost, admission_date) values (43, 110, 40.67, '2018-02-28');
insert into Admissions (admission_id, patient_id, treatment_cost, admission_date) values (44, 31, 5.61, '2020-10-09');
insert into Admissions (admission_id, patient_id, treatment_cost, admission_date) values (45, 132, 3.77, '2018-12-12');
insert into Admissions (admission_id, patient_id, treatment_cost, admission_date) values (46, 132, 6.01, '2018-01-17');
insert into Admissions (admission_id, patient_id, treatment_cost, admission_date) values (47, 35, 39.94, '2019-11-04');
insert into Admissions (admission_id, patient_id, treatment_cost, admission_date) values (48, 84, 31.89, '2020-11-14');
insert into Admissions (admission_id, patient_id, treatment_cost, admission_date) values (49, 57, 24.23, '2019-10-11');
insert into Admissions (admission_id, patient_id, treatment_cost, admission_date) values (50, 70, 9.36, '2020-07-23');
insert into Admissions (admission_id, patient_id, treatment_cost, admission_date) values (51, 11, 47.28, '2020-05-17');
insert into Admissions (admission_id, patient_id, treatment_cost, admission_date) values (52, 200, 49.59, '2020-04-28');
insert into Admissions (admission_id, patient_id, treatment_cost, admission_date) values (53, 127, 1.18, '2020-10-28');
insert into Admissions (admission_id, patient_id, treatment_cost, admission_date) values (54, 151, 8.59, '2018-03-14');
insert into Admissions (admission_id, patient_id, treatment_cost, admission_date) values (55, 174, 11.19, '2019-12-27');
insert into Admissions (admission_id, patient_id, treatment_cost, admission_date) values (56, 36, 9.05, '2019-08-10');
insert into Admissions (admission_id, patient_id, treatment_cost, admission_date) values (57, 77, 14.01, '2019-06-09');
insert into Admissions (admission_id, patient_id, treatment_cost, admission_date) values (58, 115, 49.92, '2020-04-09');
insert into Admissions (admission_id, patient_id, treatment_cost, admission_date) values (59, 72, 5.68, '2020-11-06');
insert into Admissions (admission_id, patient_id, treatment_cost, admission_date) values (60, 25, 37.84, '2020-05-11');
insert into Admissions (admission_id, patient_id, treatment_cost, admission_date) values (61, 125, 4.92, '2019-03-12');
insert into Admissions (admission_id, patient_id, treatment_cost, admission_date) values (62, 189, 48.46, '2020-01-09');
insert into Admissions (admission_id, patient_id, treatment_cost, admission_date) values (63, 65, 24.18, '2020-07-06');
insert into Admissions (admission_id, patient_id, treatment_cost, admission_date) values (64, 194, 31.2, '2020-08-27');
insert into Admissions (admission_id, patient_id, treatment_cost, admission_date) values (65, 13, 41.36, '2020-03-16');
insert into Admissions (admission_id, patient_id, treatment_cost, admission_date) values (66, 23, 1.58, '2018-08-01');
insert into Admissions (admission_id, patient_id, treatment_cost, admission_date) values (67, 152, 12.37, '2019-11-30');
insert into Admissions (admission_id, patient_id, treatment_cost, admission_date) values (68, 42, 39.0, '2018-02-26');
insert into Admissions (admission_id, patient_id, treatment_cost, admission_date) values (69, 70, 8.03, '2018-02-10');
insert into Admissions (admission_id, patient_id, treatment_cost, admission_date) values (70, 168, 4.65, '2020-09-07');
insert into Admissions (admission_id, patient_id, treatment_cost, admission_date) values (71, 133, 11.18, '2019-09-11');
insert into Admissions (admission_id, patient_id, treatment_cost, admission_date) values (72, 200, 32.19, '2020-01-22');
insert into Admissions (admission_id, patient_id, treatment_cost, admission_date) values (73, 44, 26.03, '2020-02-28');
insert into Admissions (admission_id, patient_id, treatment_cost, admission_date) values (74, 129, 27.28, '2018-10-24');
insert into Admissions (admission_id, patient_id, treatment_cost, admission_date) values (75, 173, 37.54, '2019-10-29');
insert into Admissions (admission_id, patient_id, treatment_cost, admission_date) values (76, 53, 31.56, '2018-05-08');
insert into Admissions (admission_id, patient_id, treatment_cost, admission_date) values (77, 102, 17.95, '2019-08-14');
insert into Admissions (admission_id, patient_id, treatment_cost, admission_date) values (78, 66, 49.73, '2018-09-29');
insert into Admissions (admission_id, patient_id, treatment_cost, admission_date) values (79, 112, 26.04, '2019-04-01');
insert into Admissions (admission_id, patient_id, treatment_cost, admission_date) values (80, 185, 44.74, '2020-06-19');
insert into Admissions (admission_id, patient_id, treatment_cost, admission_date) values (81, 164, 35.07, '2019-02-07');
insert into Admissions (admission_id, patient_id, treatment_cost, admission_date) values (82, 112, 3.69, '2020-07-30');
insert into Admissions (admission_id, patient_id, treatment_cost, admission_date) values (83, 101, 8.08, '2020-06-30');
insert into Admissions (admission_id, patient_id, treatment_cost, admission_date) values (84, 190, 20.84, '2019-05-17');
insert into Admissions (admission_id, patient_id, treatment_cost, admission_date) values (85, 92, 47.2, '2019-06-01');
insert into Admissions (admission_id, patient_id, treatment_cost, admission_date) values (86, 170, 30.15, '2020-11-24');
insert into Admissions (admission_id, patient_id, treatment_cost, admission_date) values (87, 146, 6.77, '2020-06-29');
insert into Admissions (admission_id, patient_id, treatment_cost, admission_date) values (88, 76, 19.07, '2020-11-13');
insert into Admissions (admission_id, patient_id, treatment_cost, admission_date) values (89, 99, 37.03, '2019-06-28');
insert into Admissions (admission_id, patient_id, treatment_cost, admission_date) values (90, 125, 6.0, '2019-10-17');
insert into Admissions (admission_id, patient_id, treatment_cost, admission_date) values (91, 11, 39.04, '2019-05-07');
insert into Admissions (admission_id, patient_id, treatment_cost, admission_date) values (92, 50, 34.77, '2020-04-17');
insert into Admissions (admission_id, patient_id, treatment_cost, admission_date) values (93, 177, 17.03, '2020-06-22');
insert into Admissions (admission_id, patient_id, treatment_cost, admission_date) values (94, 4, 32.98, '2018-12-13');
insert into Admissions (admission_id, patient_id, treatment_cost, admission_date) values (95, 149, 4.18, '2020-07-01');
insert into Admissions (admission_id, patient_id, treatment_cost, admission_date) values (96, 67, 19.06, '2018-06-28');
insert into Admissions (admission_id, patient_id, treatment_cost, admission_date) values (97, 67, 31.11, '2020-06-12');
insert into Admissions (admission_id, patient_id, treatment_cost, admission_date) values (98, 77, 33.35, '2020-05-18');
insert into Admissions (admission_id, patient_id, treatment_cost, admission_date) values (99, 188, 5.85, '2018-08-05');
insert into Admissions (admission_id, patient_id, treatment_cost, admission_date) values (100, 30, 17.2, '2018-01-11');
insert into Admissions (admission_id, patient_id, treatment_cost, admission_date) values (101, 187, 46.37, '2019-06-09');
insert into Admissions (admission_id, patient_id, treatment_cost, admission_date) values (102, 134, 47.03, '2018-06-02');
insert into Admissions (admission_id, patient_id, treatment_cost, admission_date) values (103, 56, 41.18, '2018-10-03');
insert into Admissions (admission_id, patient_id, treatment_cost, admission_date) values (104, 151, 46.25, '2018-02-25');
insert into Admissions (admission_id, patient_id, treatment_cost, admission_date) values (105, 17, 28.58, '2020-06-07');
insert into Admissions (admission_id, patient_id, treatment_cost, admission_date) values (106, 134, 25.47, '2019-05-15');
insert into Admissions (admission_id, patient_id, treatment_cost, admission_date) values (107, 78, 23.2, '2019-10-23');
insert into Admissions (admission_id, patient_id, treatment_cost, admission_date) values (108, 78, 31.09, '2020-02-07');
insert into Admissions (admission_id, patient_id, treatment_cost, admission_date) values (109, 114, 20.58, '2018-02-14');
insert into Admissions (admission_id, patient_id, treatment_cost, admission_date) values (110, 58, 25.56, '2019-01-05');
insert into Admissions (admission_id, patient_id, treatment_cost, admission_date) values (111, 168, 4.95, '2020-03-17');
insert into Admissions (admission_id, patient_id, treatment_cost, admission_date) values (112, 159, 40.2, '2020-09-02');
insert into Admissions (admission_id, patient_id, treatment_cost, admission_date) values (113, 52, 42.86, '2018-07-15');
insert into Admissions (admission_id, patient_id, treatment_cost, admission_date) values (114, 176, 8.51, '2018-07-30');
insert into Admissions (admission_id, patient_id, treatment_cost, admission_date) values (115, 50, 9.62, '2020-11-16');
insert into Admissions (admission_id, patient_id, treatment_cost, admission_date) values (116, 113, 3.46, '2020-04-07');
insert into Admissions (admission_id, patient_id, treatment_cost, admission_date) values (117, 161, 40.78, '2020-09-22');
insert into Admissions (admission_id, patient_id, treatment_cost, admission_date) values (118, 175, 6.64, '2018-10-02');
insert into Admissions (admission_id, patient_id, treatment_cost, admission_date) values (119, 8, 33.85, '2020-06-10');
insert into Admissions (admission_id, patient_id, treatment_cost, admission_date) values (120, 42, 7.52, '2020-04-08');
insert into Admissions (admission_id, patient_id, treatment_cost, admission_date) values (121, 192, 33.1, '2020-09-28');
insert into Admissions (admission_id, patient_id, treatment_cost, admission_date) values (122, 104, 10.54, '2019-06-03');
insert into Admissions (admission_id, patient_id, treatment_cost, admission_date) values (123, 77, 4.2, '2018-09-04');
insert into Admissions (admission_id, patient_id, treatment_cost, admission_date) values (124, 105, 34.49, '2019-01-02');
insert into Admissions (admission_id, patient_id, treatment_cost, admission_date) values (125, 22, 11.26, '2020-03-12');
insert into Admissions (admission_id, patient_id, treatment_cost, admission_date) values (126, 23, 43.41, '2019-03-02');
insert into Admissions (admission_id, patient_id, treatment_cost, admission_date) values (127, 199, 37.2, '2020-01-13');
insert into Admissions (admission_id, patient_id, treatment_cost, admission_date) values (128, 3, 26.99, '2020-05-14');
insert into Admissions (admission_id, patient_id, treatment_cost, admission_date) values (129, 129, 26.77, '2019-11-20');
insert into Admissions (admission_id, patient_id, treatment_cost, admission_date) values (130, 160, 24.16, '2019-09-12');
insert into Admissions (admission_id, patient_id, treatment_cost, admission_date) values (131, 142, 12.65, '2019-01-30');
insert into Admissions (admission_id, patient_id, treatment_cost, admission_date) values (132, 30, 36.95, '2018-12-01');
insert into Admissions (admission_id, patient_id, treatment_cost, admission_date) values (133, 200, 30.84, '2020-11-06');
insert into Admissions (admission_id, patient_id, treatment_cost, admission_date) values (134, 78, 17.37, '2018-12-03');
insert into Admissions (admission_id, patient_id, treatment_cost, admission_date) values (135, 26, 13.33, '2020-04-28');
insert into Admissions (admission_id, patient_id, treatment_cost, admission_date) values (136, 119, 24.42, '2020-01-27');
insert into Admissions (admission_id, patient_id, treatment_cost, admission_date) values (137, 19, 36.99, '2019-04-06');
insert into Admissions (admission_id, patient_id, treatment_cost, admission_date) values (138, 147, 40.74, '2019-05-26');
insert into Admissions (admission_id, patient_id, treatment_cost, admission_date) values (139, 190, 20.73, '2018-09-18');
insert into Admissions (admission_id, patient_id, treatment_cost, admission_date) values (140, 151, 35.61, '2019-04-23');
insert into Admissions (admission_id, patient_id, treatment_cost, admission_date) values (141, 156, 22.36, '2019-01-09');
insert into Admissions (admission_id, patient_id, treatment_cost, admission_date) values (142, 172, 24.95, '2020-05-06');
insert into Admissions (admission_id, patient_id, treatment_cost, admission_date) values (143, 53, 6.32, '2019-02-02');
insert into Admissions (admission_id, patient_id, treatment_cost, admission_date) values (144, 178, 35.66, '2020-11-14');
insert into Admissions (admission_id, patient_id, treatment_cost, admission_date) values (145, 80, 46.58, '2019-01-14');
insert into Admissions (admission_id, patient_id, treatment_cost, admission_date) values (146, 137, 17.34, '2019-03-01');
insert into Admissions (admission_id, patient_id, treatment_cost, admission_date) values (147, 156, 40.82, '2018-07-12');
insert into Admissions (admission_id, patient_id, treatment_cost, admission_date) values (148, 142, 29.6, '2018-10-17');
insert into Admissions (admission_id, patient_id, treatment_cost, admission_date) values (149, 43, 42.09, '2019-10-12');
insert into Admissions (admission_id, patient_id, treatment_cost, admission_date) values (150, 185, 33.96, '2019-08-19');
insert into Admissions (admission_id, patient_id, treatment_cost, admission_date) values (151, 6, 31.4, '2019-10-06');
insert into Admissions (admission_id, patient_id, treatment_cost, admission_date) values (152, 61, 12.52, '2019-12-24');
insert into Admissions (admission_id, patient_id, treatment_cost, admission_date) values (153, 43, 11.28, '2018-02-02');
insert into Admissions (admission_id, patient_id, treatment_cost, admission_date) values (154, 89, 41.08, '2019-07-11');
insert into Admissions (admission_id, patient_id, treatment_cost, admission_date) values (155, 24, 43.83, '2020-06-11');
insert into Admissions (admission_id, patient_id, treatment_cost, admission_date) values (156, 30, 40.73, '2020-02-16');
insert into Admissions (admission_id, patient_id, treatment_cost, admission_date) values (157, 11, 49.11, '2019-07-25');
insert into Admissions (admission_id, patient_id, treatment_cost, admission_date) values (158, 150, 27.89, '2018-03-15');
insert into Admissions (admission_id, patient_id, treatment_cost, admission_date) values (159, 25, 29.96, '2018-09-05');
insert into Admissions (admission_id, patient_id, treatment_cost, admission_date) values (160, 189, 46.94, '2019-12-02');
insert into Admissions (admission_id, patient_id, treatment_cost, admission_date) values (161, 37, 44.26, '2020-08-19');
insert into Admissions (admission_id, patient_id, treatment_cost, admission_date) values (162, 109, 33.32, '2018-09-07');
insert into Admissions (admission_id, patient_id, treatment_cost, admission_date) values (163, 71, 3.61, '2020-11-25');
insert into Admissions (admission_id, patient_id, treatment_cost, admission_date) values (164, 136, 18.33, '2020-02-03');
insert into Admissions (admission_id, patient_id, treatment_cost, admission_date) values (165, 120, 22.56, '2019-09-08');
insert into Admissions (admission_id, patient_id, treatment_cost, admission_date) values (166, 22, 4.6, '2018-07-08');
insert into Admissions (admission_id, patient_id, treatment_cost, admission_date) values (167, 66, 15.55, '2020-11-03');
insert into Admissions (admission_id, patient_id, treatment_cost, admission_date) values (168, 47, 46.16, '2020-03-30');
insert into Admissions (admission_id, patient_id, treatment_cost, admission_date) values (169, 42, 27.51, '2018-05-06');
insert into Admissions (admission_id, patient_id, treatment_cost, admission_date) values (170, 34, 15.89, '2018-01-09');
insert into Admissions (admission_id, patient_id, treatment_cost, admission_date) values (171, 23, 28.46, '2020-04-27');
insert into Admissions (admission_id, patient_id, treatment_cost, admission_date) values (172, 166, 21.64, '2018-02-15');
insert into Admissions (admission_id, patient_id, treatment_cost, admission_date) values (173, 66, 34.74, '2019-09-19');
insert into Admissions (admission_id, patient_id, treatment_cost, admission_date) values (174, 133, 22.53, '2017-12-13');
insert into Admissions (admission_id, patient_id, treatment_cost, admission_date) values (175, 108, 16.03, '2019-06-11');
insert into Admissions (admission_id, patient_id, treatment_cost, admission_date) values (176, 134, 11.92, '2019-02-25');
insert into Admissions (admission_id, patient_id, treatment_cost, admission_date) values (177, 157, 16.96, '2018-08-13');
insert into Admissions (admission_id, patient_id, treatment_cost, admission_date) values (178, 109, 22.43, '2019-01-27');
insert into Admissions (admission_id, patient_id, treatment_cost, admission_date) values (179, 92, 12.4, '2019-01-05');
insert into Admissions (admission_id, patient_id, treatment_cost, admission_date) values (180, 191, 17.03, '2020-04-11');
insert into Admissions (admission_id, patient_id, treatment_cost, admission_date) values (181, 142, 37.2, '2018-07-03');
insert into Admissions (admission_id, patient_id, treatment_cost, admission_date) values (182, 119, 17.04, '2019-09-09');
insert into Admissions (admission_id, patient_id, treatment_cost, admission_date) values (183, 124, 19.73, '2020-01-31');
insert into Admissions (admission_id, patient_id, treatment_cost, admission_date) values (184, 104, 22.18, '2020-01-03');
insert into Admissions (admission_id, patient_id, treatment_cost, admission_date) values (185, 3, 49.58, '2018-01-02');
insert into Admissions (admission_id, patient_id, treatment_cost, admission_date) values (186, 150, 38.55, '2020-11-19');
insert into Admissions (admission_id, patient_id, treatment_cost, admission_date) values (187, 175, 15.29, '2020-09-25');
insert into Admissions (admission_id, patient_id, treatment_cost, admission_date) values (188, 47, 14.19, '2018-09-12');
insert into Admissions (admission_id, patient_id, treatment_cost, admission_date) values (189, 90, 13.3, '2020-10-01');
insert into Admissions (admission_id, patient_id, treatment_cost, admission_date) values (190, 79, 10.44, '2018-02-04');
insert into Admissions (admission_id, patient_id, treatment_cost, admission_date) values (191, 160, 14.04, '2018-04-23');
insert into Admissions (admission_id, patient_id, treatment_cost, admission_date) values (192, 144, 26.96, '2018-11-09');
insert into Admissions (admission_id, patient_id, treatment_cost, admission_date) values (193, 49, 49.8, '2018-03-31');
insert into Admissions (admission_id, patient_id, treatment_cost, admission_date) values (194, 179, 7.37, '2018-05-06');
insert into Admissions (admission_id, patient_id, treatment_cost, admission_date) values (195, 127, 24.55, '2020-09-05');
insert into Admissions (admission_id, patient_id, treatment_cost, admission_date) values (196, 147, 30.52, '2020-11-02');
insert into Admissions (admission_id, patient_id, treatment_cost, admission_date) values (197, 93, 25.81, '2020-09-21');
insert into Admissions (admission_id, patient_id, treatment_cost, admission_date) values (198, 9, 28.31, '2020-06-19');
insert into Admissions (admission_id, patient_id, treatment_cost, admission_date) values (199, 31, 7.24, '2019-04-27');
insert into Admissions (admission_id, patient_id, treatment_cost, admission_date) values (200, 61, 9.32, '2019-06-20');

insert into Treatment_sheets (doctor_id, admission_id, diagnosis, diagnosis_time) values (47, 128, 'Verrucariaceae', '9:25');
insert into Treatment_sheets (doctor_id, admission_id, diagnosis, diagnosis_time) values (41, 62, 'Asteraceae', '12:30');
insert into Treatment_sheets (doctor_id, admission_id, diagnosis, diagnosis_time) values (60, 149, 'Dryopteridaceae', '14:42');
insert into Treatment_sheets (doctor_id, admission_id, diagnosis, diagnosis_time) values (50, 173, 'Poaceae', '10:26');
insert into Treatment_sheets (doctor_id, admission_id, diagnosis, diagnosis_time) values (58, 148, 'Fabaceae', '15:03');
insert into Treatment_sheets (doctor_id, admission_id, diagnosis, diagnosis_time) values (16, 153, 'Rutaceae', '16:08');
insert into Treatment_sheets (doctor_id, admission_id, diagnosis, diagnosis_time) values (37, 62, 'Violaceae', '10:30');
insert into Treatment_sheets (doctor_id, admission_id, diagnosis, diagnosis_time) values (39, 75, 'Moraceae', '13:05');
insert into Treatment_sheets (doctor_id, admission_id, diagnosis, diagnosis_time) values (24, 197, 'Apocynaceae', '9:04');
insert into Treatment_sheets (doctor_id, admission_id, diagnosis, diagnosis_time) values (29, 184, 'Poaceae', '16:51');
insert into Treatment_sheets (doctor_id, admission_id, diagnosis, diagnosis_time) values (55, 53, 'Nelumbonaceae', '15:24');
insert into Treatment_sheets (doctor_id, admission_id, diagnosis, diagnosis_time) values (25, 156, 'Acarosporaceae', '10:11');
insert into Treatment_sheets (doctor_id, admission_id, diagnosis, diagnosis_time) values (43, 100, 'Orchidaceae', '12:24');
insert into Treatment_sheets (doctor_id, admission_id, diagnosis, diagnosis_time) values (46, 43, 'Araliaceae', '18:56');
insert into Treatment_sheets (doctor_id, admission_id, diagnosis, diagnosis_time) values (23, 21, 'Euphorbiaceae', '17:50');
insert into Treatment_sheets (doctor_id, admission_id, diagnosis, diagnosis_time) values (26, 97, 'Fabaceae', '10:22');
insert into Treatment_sheets (doctor_id, admission_id, diagnosis, diagnosis_time) values (34, 173, 'Ranunculaceae', '13:18');
insert into Treatment_sheets (doctor_id, admission_id, diagnosis, diagnosis_time) values (10, 48, 'Cactaceae', '14:06');
insert into Treatment_sheets (doctor_id, admission_id, diagnosis, diagnosis_time) values (53, 132, 'Teloschistaceae', '12:11');
insert into Treatment_sheets (doctor_id, admission_id, diagnosis, diagnosis_time) values (27, 193, 'Crossosomataceae', '10:07');
insert into Treatment_sheets (doctor_id, admission_id, diagnosis, diagnosis_time) values (28, 156, 'Ranunculaceae', '18:58');
insert into Treatment_sheets (doctor_id, admission_id, diagnosis, diagnosis_time) values (38, 172, 'Araceae', '16:52');
insert into Treatment_sheets (doctor_id, admission_id, diagnosis, diagnosis_time) values (19, 145, 'Lamiaceae', '16:44');
insert into Treatment_sheets (doctor_id, admission_id, diagnosis, diagnosis_time) values (59, 187, 'Chenopodiaceae', '16:57');
insert into Treatment_sheets (doctor_id, admission_id, diagnosis, diagnosis_time) values (28, 125, 'Asclepiadaceae', '10:35');
insert into Treatment_sheets (doctor_id, admission_id, diagnosis, diagnosis_time) values (54, 135, 'Rutaceae', '15:00');
insert into Treatment_sheets (doctor_id, admission_id, diagnosis, diagnosis_time) values (15, 47, 'Lecanoraceae', '18:51');
insert into Treatment_sheets (doctor_id, admission_id, diagnosis, diagnosis_time) values (49, 58, 'Rosaceae', '9:15');
insert into Treatment_sheets (doctor_id, admission_id, diagnosis, diagnosis_time) values (18, 13, 'Iridaceae', '16:31');
insert into Treatment_sheets (doctor_id, admission_id, diagnosis, diagnosis_time) values (41, 99, 'Pedaliaceae', '18:21');
insert into Treatment_sheets (doctor_id, admission_id, diagnosis, diagnosis_time) values (42, 18, 'Asteraceae', '10:42');
insert into Treatment_sheets (doctor_id, admission_id, diagnosis, diagnosis_time) values (48, 67, 'Primulaceae', '10:55');
insert into Treatment_sheets (doctor_id, admission_id, diagnosis, diagnosis_time) values (53, 161, 'Juncaceae', '17:00');
insert into Treatment_sheets (doctor_id, admission_id, diagnosis, diagnosis_time) values (52, 31, 'Ranunculaceae', '13:40');
insert into Treatment_sheets (doctor_id, admission_id, diagnosis, diagnosis_time) values (43, 165, 'Hydrophyllaceae', '14:54');
insert into Treatment_sheets (doctor_id, admission_id, diagnosis, diagnosis_time) values (52, 29, 'Asteraceae', '13:52');
insert into Treatment_sheets (doctor_id, admission_id, diagnosis, diagnosis_time) values (25, 147, 'Asteraceae', '15:28');
insert into Treatment_sheets (doctor_id, admission_id, diagnosis, diagnosis_time) values (41, 25, 'Cyperaceae', '13:29');
insert into Treatment_sheets (doctor_id, admission_id, diagnosis, diagnosis_time) values (57, 177, 'Lamiaceae', '12:39');
insert into Treatment_sheets (doctor_id, admission_id, diagnosis, diagnosis_time) values (16, 51, 'Chenopodiaceae', '15:46');
insert into Treatment_sheets (doctor_id, admission_id, diagnosis, diagnosis_time) values (8, 128, 'Polygonaceae', '16:05');
insert into Treatment_sheets (doctor_id, admission_id, diagnosis, diagnosis_time) values (52, 111, 'Cupressaceae', '11:43');
insert into Treatment_sheets (doctor_id, admission_id, diagnosis, diagnosis_time) values (47, 10, 'Bryaceae', '18:11');
insert into Treatment_sheets (doctor_id, admission_id, diagnosis, diagnosis_time) values (19, 46, 'Brassicaceae', '10:44');
insert into Treatment_sheets (doctor_id, admission_id, diagnosis, diagnosis_time) values (55, 83, 'Araliaceae', '17:36');
insert into Treatment_sheets (doctor_id, admission_id, diagnosis, diagnosis_time) values (53, 124, 'Fissidentaceae', '12:09');
insert into Treatment_sheets (doctor_id, admission_id, diagnosis, diagnosis_time) values (19, 15, 'Bryaceae', '9:49');
insert into Treatment_sheets (doctor_id, admission_id, diagnosis, diagnosis_time) values (50, 112, 'Asteraceae', '18:55');
insert into Treatment_sheets (doctor_id, admission_id, diagnosis, diagnosis_time) values (15, 70, 'Ranunculaceae', '18:14');
insert into Treatment_sheets (doctor_id, admission_id, diagnosis, diagnosis_time) values (17, 37, 'Saxifragaceae', '10:41');
insert into Treatment_sheets (doctor_id, admission_id, diagnosis, diagnosis_time) values (6, 69, 'Bryaceae', '9:47');
insert into Treatment_sheets (doctor_id, admission_id, diagnosis, diagnosis_time) values (6, 102, 'Cyperaceae', '13:27');
insert into Treatment_sheets (doctor_id, admission_id, diagnosis, diagnosis_time) values (31, 29, 'Pottiaceae', '12:25');
insert into Treatment_sheets (doctor_id, admission_id, diagnosis, diagnosis_time) values (59, 173, 'Sparganiaceae', '18:45');
insert into Treatment_sheets (doctor_id, admission_id, diagnosis, diagnosis_time) values (2, 91, 'Malvaceae', '16:25');
insert into Treatment_sheets (doctor_id, admission_id, diagnosis, diagnosis_time) values (7, 173, 'Euphorbiaceae', '17:52');
insert into Treatment_sheets (doctor_id, admission_id, diagnosis, diagnosis_time) values (1, 26, 'Cyatheaceae', '18:18');
insert into Treatment_sheets (doctor_id, admission_id, diagnosis, diagnosis_time) values (36, 93, 'Onagraceae', '15:19');
insert into Treatment_sheets (doctor_id, admission_id, diagnosis, diagnosis_time) values (51, 67, 'Fabaceae', '15:25');
insert into Treatment_sheets (doctor_id, admission_id, diagnosis, diagnosis_time) values (60, 99, 'Poaceae', '18:27');
insert into Treatment_sheets (doctor_id, admission_id, diagnosis, diagnosis_time) values (31, 28, 'Fabaceae', '17:28');
insert into Treatment_sheets (doctor_id, admission_id, diagnosis, diagnosis_time) values (60, 116, 'Asteraceae', '17:06');
insert into Treatment_sheets (doctor_id, admission_id, diagnosis, diagnosis_time) values (16, 66, 'Gunneraceae', '18:16');
insert into Treatment_sheets (doctor_id, admission_id, diagnosis, diagnosis_time) values (28, 192, 'Pinaceae', '15:01');
insert into Treatment_sheets (doctor_id, admission_id, diagnosis, diagnosis_time) values (58, 144, 'Lecideaceae', '16:03');
insert into Treatment_sheets (doctor_id, admission_id, diagnosis, diagnosis_time) values (5, 101, 'Hydrangeaceae', '18:54');
insert into Treatment_sheets (doctor_id, admission_id, diagnosis, diagnosis_time) values (45, 199, 'Baeomycetaceae', '12:36');
insert into Treatment_sheets (doctor_id, admission_id, diagnosis, diagnosis_time) values (25, 145, 'Brassicaceae', '10:17');
insert into Treatment_sheets (doctor_id, admission_id, diagnosis, diagnosis_time) values (3, 148, 'Asteraceae', '14:11');
insert into Treatment_sheets (doctor_id, admission_id, diagnosis, diagnosis_time) values (39, 5, 'Asteraceae', '14:46');
insert into Treatment_sheets (doctor_id, admission_id, diagnosis, diagnosis_time) values (8, 131, 'Asteraceae', '9:43');
insert into Treatment_sheets (doctor_id, admission_id, diagnosis, diagnosis_time) values (23, 72, 'Orchidaceae', '13:52');
insert into Treatment_sheets (doctor_id, admission_id, diagnosis, diagnosis_time) values (54, 185, 'Scrophulariaceae', '17:38');
insert into Treatment_sheets (doctor_id, admission_id, diagnosis, diagnosis_time) values (52, 99, 'Polemoniaceae', '11:09');
insert into Treatment_sheets (doctor_id, admission_id, diagnosis, diagnosis_time) values (47, 77, 'Poaceae', '14:29');
insert into Treatment_sheets (doctor_id, admission_id, diagnosis, diagnosis_time) values (14, 38, 'Hypnaceae', '14:16');
insert into Treatment_sheets (doctor_id, admission_id, diagnosis, diagnosis_time) values (5, 6, 'Cactaceae', '9:56');
insert into Treatment_sheets (doctor_id, admission_id, diagnosis, diagnosis_time) values (8, 57, 'Fabaceae', '13:13');
insert into Treatment_sheets (doctor_id, admission_id, diagnosis, diagnosis_time) values (26, 32, 'Rosaceae', '15:25');
insert into Treatment_sheets (doctor_id, admission_id, diagnosis, diagnosis_time) values (15, 89, 'Apiaceae', '11:12');
insert into Treatment_sheets (doctor_id, admission_id, diagnosis, diagnosis_time) values (56, 10, 'Bacidiaceae', '12:16');
insert into Treatment_sheets (doctor_id, admission_id, diagnosis, diagnosis_time) values (14, 66, 'Lecideaceae', '17:43');
insert into Treatment_sheets (doctor_id, admission_id, diagnosis, diagnosis_time) values (33, 136, 'Fabaceae', '13:19');
insert into Treatment_sheets (doctor_id, admission_id, diagnosis, diagnosis_time) values (41, 108, 'Caryophyllaceae', '18:36');
insert into Treatment_sheets (doctor_id, admission_id, diagnosis, diagnosis_time) values (45, 193, 'Scrophulariaceae', '9:37');
insert into Treatment_sheets (doctor_id, admission_id, diagnosis, diagnosis_time) values (41, 153, 'Onagraceae', '14:17');
insert into Treatment_sheets (doctor_id, admission_id, diagnosis, diagnosis_time) values (20, 27, 'Malpighiaceae', '11:49');
insert into Treatment_sheets (doctor_id, admission_id, diagnosis, diagnosis_time) values (29, 21, 'Brassicaceae', '14:34');
insert into Treatment_sheets (doctor_id, admission_id, diagnosis, diagnosis_time) values (53, 106, 'Plumbaginaceae', '10:12');
insert into Treatment_sheets (doctor_id, admission_id, diagnosis, diagnosis_time) values (38, 139, 'Cyperaceae', '14:52');
insert into Treatment_sheets (doctor_id, admission_id, diagnosis, diagnosis_time) values (4, 160, 'Rosaceae', '11:35');
insert into Treatment_sheets (doctor_id, admission_id, diagnosis, diagnosis_time) values (60, 77, 'Primulaceae', '11:13');
insert into Treatment_sheets (doctor_id, admission_id, diagnosis, diagnosis_time) values (42, 94, 'Fagaceae', '17:02');
insert into Treatment_sheets (doctor_id, admission_id, diagnosis, diagnosis_time) values (19, 35, 'Boraginaceae', '17:21');
insert into Treatment_sheets (doctor_id, admission_id, diagnosis, diagnosis_time) values (44, 160, 'Anacardiaceae', '10:35');
insert into Treatment_sheets (doctor_id, admission_id, diagnosis, diagnosis_time) values (34, 44, 'Convolvulaceae', '10:17');
insert into Treatment_sheets (doctor_id, admission_id, diagnosis, diagnosis_time) values (41, 61, 'Tiliaceae', '18:00');
insert into Treatment_sheets (doctor_id, admission_id, diagnosis, diagnosis_time) values (50, 61, 'Acanthaceae', '10:31');
insert into Treatment_sheets (doctor_id, admission_id, diagnosis, diagnosis_time) values (47, 25, 'Rubiaceae', '17:35');
insert into Treatment_sheets (doctor_id, admission_id, diagnosis, diagnosis_time) values (22, 80, 'Xyridaceae', '14:49');
insert into Treatment_sheets (doctor_id, admission_id, diagnosis, diagnosis_time) values (8, 163, 'Annonaceae', '12:28');
insert into Treatment_sheets (doctor_id, admission_id, diagnosis, diagnosis_time) values (6, 113, 'Apocynaceae', '13:39');
insert into Treatment_sheets (doctor_id, admission_id, diagnosis, diagnosis_time) values (11, 47, 'Nymphaeaceae', '14:18');
insert into Treatment_sheets (doctor_id, admission_id, diagnosis, diagnosis_time) values (8, 98, 'Rubiaceae', '10:27');
insert into Treatment_sheets (doctor_id, admission_id, diagnosis, diagnosis_time) values (17, 127, 'Ranunculaceae', '16:30');
insert into Treatment_sheets (doctor_id, admission_id, diagnosis, diagnosis_time) values (27, 45, 'Scrophulariaceae', '14:30');
insert into Treatment_sheets (doctor_id, admission_id, diagnosis, diagnosis_time) values (55, 186, 'Cyperaceae', '12:06');
insert into Treatment_sheets (doctor_id, admission_id, diagnosis, diagnosis_time) values (28, 21, 'Polygonaceae', '16:49');
insert into Treatment_sheets (doctor_id, admission_id, diagnosis, diagnosis_time) values (23, 10, 'Caryophyllaceae', '17:22');
insert into Treatment_sheets (doctor_id, admission_id, diagnosis, diagnosis_time) values (55, 12, 'Teloschistaceae', '15:22');
insert into Treatment_sheets (doctor_id, admission_id, diagnosis, diagnosis_time) values (47, 80, 'Asteraceae', '10:36');
insert into Treatment_sheets (doctor_id, admission_id, diagnosis, diagnosis_time) values (15, 71, 'Fabaceae', '15:13');
insert into Treatment_sheets (doctor_id, admission_id, diagnosis, diagnosis_time) values (57, 121, 'Caryophyllaceae', '18:01');
insert into Treatment_sheets (doctor_id, admission_id, diagnosis, diagnosis_time) values (44, 116, 'Geraniaceae', '14:01');
insert into Treatment_sheets (doctor_id, admission_id, diagnosis, diagnosis_time) values (26, 93, 'Asteraceae', '10:47');
insert into Treatment_sheets (doctor_id, admission_id, diagnosis, diagnosis_time) values (27, 154, 'Crassulaceae', '13:31');
insert into Treatment_sheets (doctor_id, admission_id, diagnosis, diagnosis_time) values (11, 187, 'Ericaceae', '14:07');
insert into Treatment_sheets (doctor_id, admission_id, diagnosis, diagnosis_time) values (20, 77, 'Fabaceae', '17:46');
insert into Treatment_sheets (doctor_id, admission_id, diagnosis, diagnosis_time) values (12, 190, 'Caliciaceae', '11:56');
insert into Treatment_sheets (doctor_id, admission_id, diagnosis, diagnosis_time) values (1, 165, 'Chenopodiaceae', '13:25');
insert into Treatment_sheets (doctor_id, admission_id, diagnosis, diagnosis_time) values (38, 150, 'Lamiaceae', '9:19');
insert into Treatment_sheets (doctor_id, admission_id, diagnosis, diagnosis_time) values (58, 155, 'Menispermaceae', '18:46');
insert into Treatment_sheets (doctor_id, admission_id, diagnosis, diagnosis_time) values (32, 162, 'Fabaceae', '16:36');
insert into Treatment_sheets (doctor_id, admission_id, diagnosis, diagnosis_time) values (52, 2, 'Fumariaceae', '13:23');
insert into Treatment_sheets (doctor_id, admission_id, diagnosis, diagnosis_time) values (22, 14, 'Portulacaceae', '9:51');
insert into Treatment_sheets (doctor_id, admission_id, diagnosis, diagnosis_time) values (1, 116, 'Cyatheaceae', '10:12');
insert into Treatment_sheets (doctor_id, admission_id, diagnosis, diagnosis_time) values (49, 120, 'Rosaceae', '14:41');
insert into Treatment_sheets (doctor_id, admission_id, diagnosis, diagnosis_time) values (39, 156, 'Arthopyreniaceae', '16:35');
insert into Treatment_sheets (doctor_id, admission_id, diagnosis, diagnosis_time) values (32, 71, 'Scrophulariaceae', '14:22');
insert into Treatment_sheets (doctor_id, admission_id, diagnosis, diagnosis_time) values (12, 30, 'Polygalaceae', '12:00');
insert into Treatment_sheets (doctor_id, admission_id, diagnosis, diagnosis_time) values (39, 6, 'Annonaceae', '12:17');
insert into Treatment_sheets (doctor_id, admission_id, diagnosis, diagnosis_time) values (50, 7, 'Solanaceae', '18:36');
insert into Treatment_sheets (doctor_id, admission_id, diagnosis, diagnosis_time) values (32, 174, 'Nyctaginaceae', '12:49');
insert into Treatment_sheets (doctor_id, admission_id, diagnosis, diagnosis_time) values (27, 73, 'Fabaceae', '12:34');
insert into Treatment_sheets (doctor_id, admission_id, diagnosis, diagnosis_time) values (17, 42, 'Callitrichaceae', '15:30');
insert into Treatment_sheets (doctor_id, admission_id, diagnosis, diagnosis_time) values (7, 171, 'Cladoniaceae', '12:26');
insert into Treatment_sheets (doctor_id, admission_id, diagnosis, diagnosis_time) values (2, 99, 'Polemoniaceae', '11:09');
insert into Treatment_sheets (doctor_id, admission_id, diagnosis, diagnosis_time) values (33, 169, 'Onagraceae', '15:15');
insert into Treatment_sheets (doctor_id, admission_id, diagnosis, diagnosis_time) values (10, 189, 'Cactaceae', '16:54');
insert into Treatment_sheets (doctor_id, admission_id, diagnosis, diagnosis_time) values (29, 113, 'Commelinaceae', '17:12');
insert into Treatment_sheets (doctor_id, admission_id, diagnosis, diagnosis_time) values (21, 25, 'Scrophulariaceae', '12:53');
insert into Treatment_sheets (doctor_id, admission_id, diagnosis, diagnosis_time) values (2, 43, 'Ranunculaceae', '9:38');
insert into Treatment_sheets (doctor_id, admission_id, diagnosis, diagnosis_time) values (40, 135, 'Ranunculaceae', '16:12');
insert into Treatment_sheets (doctor_id, admission_id, diagnosis, diagnosis_time) values (16, 90, 'Gesneriaceae', '13:30');
insert into Treatment_sheets (doctor_id, admission_id, diagnosis, diagnosis_time) values (44, 117, 'Poaceae', '9:17');
insert into Treatment_sheets (doctor_id, admission_id, diagnosis, diagnosis_time) values (13, 150, 'Dicranaceae', '17:11');
insert into Treatment_sheets (doctor_id, admission_id, diagnosis, diagnosis_time) values (42, 112, 'Liliaceae', '13:06');
insert into Treatment_sheets (doctor_id, admission_id, diagnosis, diagnosis_time) values (33, 11, 'Gleicheniaceae', '11:24');
insert into Treatment_sheets (doctor_id, admission_id, diagnosis, diagnosis_time) values (3, 182, 'Droseraceae', '18:24');
insert into Treatment_sheets (doctor_id, admission_id, diagnosis, diagnosis_time) values (33, 61, 'Campanulaceae', '9:51');
insert into Treatment_sheets (doctor_id, admission_id, diagnosis, diagnosis_time) values (17, 180, 'Rubiaceae', '17:09');
insert into Treatment_sheets (doctor_id, admission_id, diagnosis, diagnosis_time) values (35, 194, 'Crassulaceae', '18:56');
insert into Treatment_sheets (doctor_id, admission_id, diagnosis, diagnosis_time) values (8, 65, 'Bromeliaceae', '9:32');
insert into Treatment_sheets (doctor_id, admission_id, diagnosis, diagnosis_time) values (32, 32, 'Fabaceae', '10:05');
insert into Treatment_sheets (doctor_id, admission_id, diagnosis, diagnosis_time) values (55, 146, 'Acanthaceae', '11:16');
insert into Treatment_sheets (doctor_id, admission_id, diagnosis, diagnosis_time) values (24, 90, 'Rosaceae', '11:45');
insert into Treatment_sheets (doctor_id, admission_id, diagnosis, diagnosis_time) values (26, 185, 'Ranunculaceae', '13:34');
insert into Treatment_sheets (doctor_id, admission_id, diagnosis, diagnosis_time) values (18, 172, 'Salicaceae', '9:14');
insert into Treatment_sheets (doctor_id, admission_id, diagnosis, diagnosis_time) values (37, 54, 'Polygonaceae', '13:38');
insert into Treatment_sheets (doctor_id, admission_id, diagnosis, diagnosis_time) values (29, 111, 'Sapindaceae', '18:34');
insert into Treatment_sheets (doctor_id, admission_id, diagnosis, diagnosis_time) values (53, 31, 'Cyperaceae', '13:50');
insert into Treatment_sheets (doctor_id, admission_id, diagnosis, diagnosis_time) values (26, 122, 'Equisetaceae', '14:43');
insert into Treatment_sheets (doctor_id, admission_id, diagnosis, diagnosis_time) values (39, 8, 'Anacardiaceae', '18:10');
insert into Treatment_sheets (doctor_id, admission_id, diagnosis, diagnosis_time) values (4, 43, 'Moraceae', '17:26');
insert into Treatment_sheets (doctor_id, admission_id, diagnosis, diagnosis_time) values (44, 174, 'Polygonaceae', '10:52');
insert into Treatment_sheets (doctor_id, admission_id, diagnosis, diagnosis_time) values (24, 101, 'Boraginaceae', '11:34');
insert into Treatment_sheets (doctor_id, admission_id, diagnosis, diagnosis_time) values (33, 91, 'Asteraceae', '11:39');
insert into Treatment_sheets (doctor_id, admission_id, diagnosis, diagnosis_time) values (60, 41, 'Zygophyllaceae', '9:38');
insert into Treatment_sheets (doctor_id, admission_id, diagnosis, diagnosis_time) values (49, 83, 'Boraginaceae', '16:00');
insert into Treatment_sheets (doctor_id, admission_id, diagnosis, diagnosis_time) values (26, 129, 'Rosaceae', '9:25');
insert into Treatment_sheets (doctor_id, admission_id, diagnosis, diagnosis_time) values (57, 14, 'Brachytheciaceae', '9:11');
insert into Treatment_sheets (doctor_id, admission_id, diagnosis, diagnosis_time) values (51, 98, 'Lamiaceae', '10:13');
insert into Treatment_sheets (doctor_id, admission_id, diagnosis, diagnosis_time) values (33, 159, 'Ranunculaceae', '13:27');
insert into Treatment_sheets (doctor_id, admission_id, diagnosis, diagnosis_time) values (30, 113, 'Caryophyllaceae', '10:27');
insert into Treatment_sheets (doctor_id, admission_id, diagnosis, diagnosis_time) values (11, 25, 'Asteraceae', '11:35');
insert into Treatment_sheets (doctor_id, admission_id, diagnosis, diagnosis_time) values (52, 182, 'Onagraceae', '15:18');
insert into Treatment_sheets (doctor_id, admission_id, diagnosis, diagnosis_time) values (56, 197, 'Fabaceae', '17:41');
insert into Treatment_sheets (doctor_id, admission_id, diagnosis, diagnosis_time) values (9, 101, 'Asteraceae', '15:25');
insert into Treatment_sheets (doctor_id, admission_id, diagnosis, diagnosis_time) values (46, 135, 'Cyperaceae', '9:40');
insert into Treatment_sheets (doctor_id, admission_id, diagnosis, diagnosis_time) values (2, 39, 'Bryaceae', '13:07');
insert into Treatment_sheets (doctor_id, admission_id, diagnosis, diagnosis_time) values (60, 51, 'Fabaceae', '11:20');
insert into Treatment_sheets (doctor_id, admission_id, diagnosis, diagnosis_time) values (53, 11, 'Liliaceae', '16:38');
insert into Treatment_sheets (doctor_id, admission_id, diagnosis, diagnosis_time) values (17, 6, 'Verrucariaceae', '11:08');
insert into Treatment_sheets (doctor_id, admission_id, diagnosis, diagnosis_time) values (22, 42, 'Polygonaceae', '13:02');
insert into Treatment_sheets (doctor_id, admission_id, diagnosis, diagnosis_time) values (30, 174, 'Poaceae', '15:41');
insert into Treatment_sheets (doctor_id, admission_id, diagnosis, diagnosis_time) values (47, 15, 'Fabaceae', '17:19');
insert into Treatment_sheets (doctor_id, admission_id, diagnosis, diagnosis_time) values (56, 179, 'Fabaceae', '17:18');
insert into Treatment_sheets (doctor_id, admission_id, diagnosis, diagnosis_time) values (33, 43, 'Euphorbiaceae', '14:05');
insert into Treatment_sheets (doctor_id, admission_id, diagnosis, diagnosis_time) values (38, 114, 'Iridaceae', '12:48');
insert into Treatment_sheets (doctor_id, admission_id, diagnosis, diagnosis_time) values (10, 50, 'Cyperaceae', '18:47');
insert into Treatment_sheets (doctor_id, admission_id, diagnosis, diagnosis_time) values (3, 130, 'Ericaceae', '9:15');
insert into Treatment_sheets (doctor_id, admission_id, diagnosis, diagnosis_time) values (52, 31, 'Fabaceae', '11:24');
insert into Treatment_sheets (doctor_id, admission_id, diagnosis, diagnosis_time) values (43, 158, 'Euphorbiaceae', '14:54');
insert into Treatment_sheets (doctor_id, admission_id, diagnosis, diagnosis_time) values (2, 100, 'Polemoniaceae', '15:33');
insert into Treatment_sheets (doctor_id, admission_id, diagnosis, diagnosis_time) values (54, 3, 'Cyperaceae', '13:36');
insert into Treatment_sheets (doctor_id, admission_id, diagnosis, diagnosis_time) values (23, 134, 'Catillariaceae', '14:39');
insert into Treatment_sheets (doctor_id, admission_id, diagnosis, diagnosis_time) values (54, 86, 'Scrophulariaceae', '13:11');
insert into Treatment_sheets (doctor_id, admission_id, diagnosis, diagnosis_time) values (2, 91, 'Brassicaceae', '17:14');
insert into Treatment_sheets (doctor_id, admission_id, diagnosis, diagnosis_time) values (4, 21, 'Brassicaceae', '17:06');
insert into Treatment_sheets (doctor_id, admission_id, diagnosis, diagnosis_time) values (4, 59, 'Orobanchaceae', '10:07');
insert into Treatment_sheets (doctor_id, admission_id, diagnosis, diagnosis_time) values (21, 130, 'Cucurbitaceae', '11:19');
insert into Treatment_sheets (doctor_id, admission_id, diagnosis, diagnosis_time) values (48, 183, 'Asteraceae', '15:39');
insert into Treatment_sheets (doctor_id, admission_id, diagnosis, diagnosis_time) values (32, 186, 'Anacardiaceae', '18:41');
insert into Treatment_sheets (doctor_id, admission_id, diagnosis, diagnosis_time) values (3, 16, 'Scrophulariaceae', '10:14');
insert into Treatment_sheets (doctor_id, admission_id, diagnosis, diagnosis_time) values (52, 118, 'Chrysobalanaceae', '13:56');
insert into Treatment_sheets (doctor_id, admission_id, diagnosis, diagnosis_time) values (39, 37, 'Asteraceae', '17:59');
insert into Treatment_sheets (doctor_id, admission_id, diagnosis, diagnosis_time) values (21, 20, 'Asteraceae', '16:39');
insert into Treatment_sheets (doctor_id, admission_id, diagnosis, diagnosis_time) values (5, 17, 'Lamiaceae', '16:46');
insert into Treatment_sheets (doctor_id, admission_id, diagnosis, diagnosis_time) values (44, 134, 'Fabaceae', '16:56');
insert into Treatment_sheets (doctor_id, admission_id, diagnosis, diagnosis_time) values (30, 104, 'Convolvulaceae', '13:39');
insert into Treatment_sheets (doctor_id, admission_id, diagnosis, diagnosis_time) values (10, 84, 'Malpighiaceae', '14:50');
insert into Treatment_sheets (doctor_id, admission_id, diagnosis, diagnosis_time) values (47, 165, 'Orchidaceae', '18:53');
insert into Treatment_sheets (doctor_id, admission_id, diagnosis, diagnosis_time) values (50, 81, 'Haloragaceae', '12:27');
insert into Treatment_sheets (doctor_id, admission_id, diagnosis, diagnosis_time) values (15, 134, 'Asteraceae', '16:11');
insert into Treatment_sheets (doctor_id, admission_id, diagnosis, diagnosis_time) values (16, 21, 'Smilacaceae', '17:42');
insert into Treatment_sheets (doctor_id, admission_id, diagnosis, diagnosis_time) values (21, 68, 'Anthocerotaceae', '17:59');
insert into Treatment_sheets (doctor_id, admission_id, diagnosis, diagnosis_time) values (16, 143, 'Bignoniaceae', '12:23');
insert into Treatment_sheets (doctor_id, admission_id, diagnosis, diagnosis_time) values (40, 71, 'Parmeliaceae', '9:18');
insert into Treatment_sheets (doctor_id, admission_id, diagnosis, diagnosis_time) values (6, 179, 'Boraginaceae', '14:35');
insert into Treatment_sheets (doctor_id, admission_id, diagnosis, diagnosis_time) values (17, 190, 'Dryopteridaceae', '11:59');
insert into Treatment_sheets (doctor_id, admission_id, diagnosis, diagnosis_time) values (13, 71, 'Acanthaceae', '15:00');
insert into Treatment_sheets (doctor_id, admission_id, diagnosis, diagnosis_time) values (8, 136, 'Dioscoreaceae', '10:47');
insert into Treatment_sheets (doctor_id, admission_id, diagnosis, diagnosis_time) values (39, 23, 'Chenopodiaceae', '14:46');
insert into Treatment_sheets (doctor_id, admission_id, diagnosis, diagnosis_time) values (54, 71, 'Fabaceae', '16:49');
insert into Treatment_sheets (doctor_id, admission_id, diagnosis, diagnosis_time) values (29, 167, 'Crassulaceae', '11:28');
insert into Treatment_sheets (doctor_id, admission_id, diagnosis, diagnosis_time) values (22, 75, 'Dryopteridaceae', '17:08');
insert into Treatment_sheets (doctor_id, admission_id, diagnosis, diagnosis_time) values (51, 197, 'Bryaceae', '12:10');
insert into Treatment_sheets (doctor_id, admission_id, diagnosis, diagnosis_time) values (12, 58, 'Aizoaceae', '18:40');
insert into Treatment_sheets (doctor_id, admission_id, diagnosis, diagnosis_time) values (36, 141, 'Physciaceae', '17:44');
insert into Treatment_sheets (doctor_id, admission_id, diagnosis, diagnosis_time) values (14, 7, 'Lecideaceae', '11:14');
insert into Treatment_sheets (doctor_id, admission_id, diagnosis, diagnosis_time) values (16, 148, 'Asteraceae', '15:47');
insert into Treatment_sheets (doctor_id, admission_id, diagnosis, diagnosis_time) values (4, 117, 'Thelenellaceae', '10:31');
insert into Treatment_sheets (doctor_id, admission_id, diagnosis, diagnosis_time) values (17, 18, 'Asteraceae', '15:49');
insert into Treatment_sheets (doctor_id, admission_id, diagnosis, diagnosis_time) values (52, 194, 'Orthotrichaceae', '13:08');
insert into Treatment_sheets (doctor_id, admission_id, diagnosis, diagnosis_time) values (10, 138, 'Salicaceae', '12:28');
insert into Treatment_sheets (doctor_id, admission_id, diagnosis, diagnosis_time) values (14, 136, 'Scrophulariaceae', '9:59');
insert into Treatment_sheets (doctor_id, admission_id, diagnosis, diagnosis_time) values (34, 56, 'Apiaceae', '10:16');
insert into Treatment_sheets (doctor_id, admission_id, diagnosis, diagnosis_time) values (24, 59, 'Fabaceae', '15:45');
insert into Treatment_sheets (doctor_id, admission_id, diagnosis, diagnosis_time) values (16, 146, 'Boraginaceae', '17:51');
insert into Treatment_sheets (doctor_id, admission_id, diagnosis, diagnosis_time) values (37, 42, 'Boraginaceae', '11:23');
insert into Treatment_sheets (doctor_id, admission_id, diagnosis, diagnosis_time) values (4, 134, 'Campanulaceae', '14:34');
insert into Treatment_sheets (doctor_id, admission_id, diagnosis, diagnosis_time) values (4, 22, 'Asteraceae', '14:48');
insert into Treatment_sheets (doctor_id, admission_id, diagnosis, diagnosis_time) values (46, 99, 'Brassicaceae', '18:43');
insert into Treatment_sheets (doctor_id, admission_id, diagnosis, diagnosis_time) values (58, 131, 'Letrouitiaceae', '13:39');
insert into Treatment_sheets (doctor_id, admission_id, diagnosis, diagnosis_time) values (29, 85, 'Cyperaceae', '16:55');
insert into Treatment_sheets (doctor_id, admission_id, diagnosis, diagnosis_time) values (39, 111, 'Asteraceae', '17:45');
insert into Treatment_sheets (doctor_id, admission_id, diagnosis, diagnosis_time) values (9, 86, 'Polemoniaceae', '13:56');
insert into Treatment_sheets (doctor_id, admission_id, diagnosis, diagnosis_time) values (38, 197, 'Graphidaceae', '17:34');
insert into Treatment_sheets (doctor_id, admission_id, diagnosis, diagnosis_time) values (60, 121, 'Poaceae', '9:34');
insert into Treatment_sheets (doctor_id, admission_id, diagnosis, diagnosis_time) values (36, 198, 'Arecaceae', '9:39');
insert into Treatment_sheets (doctor_id, admission_id, diagnosis, diagnosis_time) values (21, 195, 'Saxifragaceae', '17:37');
insert into Treatment_sheets (doctor_id, admission_id, diagnosis, diagnosis_time) values (37, 71, 'Fabaceae', '12:51');
insert into Treatment_sheets (doctor_id, admission_id, diagnosis, diagnosis_time) values (44, 47, 'Dryopteridaceae', '10:48');
insert into Treatment_sheets (doctor_id, admission_id, diagnosis, diagnosis_time) values (15, 194, 'Liliaceae', '11:39');
insert into Treatment_sheets (doctor_id, admission_id, diagnosis, diagnosis_time) values (19, 169, 'Asteraceae', '16:52');
insert into Treatment_sheets (doctor_id, admission_id, diagnosis, diagnosis_time) values (54, 117, 'Pyrenulaceae', '14:29');
insert into Treatment_sheets (doctor_id, admission_id, diagnosis, diagnosis_time) values (24, 145, 'Melastomataceae', '13:31');
insert into Treatment_sheets (doctor_id, admission_id, diagnosis, diagnosis_time) values (48, 115, 'Cyperaceae', '10:27');
insert into Treatment_sheets (doctor_id, admission_id, diagnosis, diagnosis_time) values (38, 152, 'Gentianaceae', '12:55');
insert into Treatment_sheets (doctor_id, admission_id, diagnosis, diagnosis_time) values (47, 70, 'Hippocastanaceae', '11:11');
insert into Treatment_sheets (doctor_id, admission_id, diagnosis, diagnosis_time) values (8, 58, 'Asclepiadaceae', '15:14');
insert into Treatment_sheets (doctor_id, admission_id, diagnosis, diagnosis_time) values (46, 11, 'Euphorbiaceae', '17:21');
insert into Treatment_sheets (doctor_id, admission_id, diagnosis, diagnosis_time) values (58, 151, 'Boraginaceae', '12:24');
insert into Treatment_sheets (doctor_id, admission_id, diagnosis, diagnosis_time) values (48, 196, 'Poaceae', '9:00');
insert into Treatment_sheets (doctor_id, admission_id, diagnosis, diagnosis_time) values (27, 1, 'Ericaceae', '10:46');
insert into Treatment_sheets (doctor_id, admission_id, diagnosis, diagnosis_time) values (14, 146, 'Scrophulariaceae', '11:52');
insert into Treatment_sheets (doctor_id, admission_id, diagnosis, diagnosis_time) values (26, 17, 'Fabaceae', '14:41');
insert into Treatment_sheets (doctor_id, admission_id, diagnosis, diagnosis_time) values (41, 127, 'Potamogetonaceae', '17:48');
insert into Treatment_sheets (doctor_id, admission_id, diagnosis, diagnosis_time) values (44, 154, 'Verbenaceae', '14:10');
insert into Treatment_sheets (doctor_id, admission_id, diagnosis, diagnosis_time) values (5, 154, 'Fabaceae', '9:15');
insert into Treatment_sheets (doctor_id, admission_id, diagnosis, diagnosis_time) values (57, 31, 'Rutaceae', '16:02');
insert into Treatment_sheets (doctor_id, admission_id, diagnosis, diagnosis_time) values (14, 24, 'Lichinaceae', '13:41');
insert into Treatment_sheets (doctor_id, admission_id, diagnosis, diagnosis_time) values (33, 172, 'Salicaceae', '12:58');
insert into Treatment_sheets (doctor_id, admission_id, diagnosis, diagnosis_time) values (44, 157, 'Seligeriaceae', '18:06');
insert into Treatment_sheets (doctor_id, admission_id, diagnosis, diagnosis_time) values (19, 106, 'Solanaceae', '14:01');
insert into Treatment_sheets (doctor_id, admission_id, diagnosis, diagnosis_time) values (28, 78, 'Poaceae', '9:51');
insert into Treatment_sheets (doctor_id, admission_id, diagnosis, diagnosis_time) values (3, 12, 'Salicaceae', '10:28');
insert into Treatment_sheets (doctor_id, admission_id, diagnosis, diagnosis_time) values (44, 140, 'Convolvulaceae', '17:35');
insert into Treatment_sheets (doctor_id, admission_id, diagnosis, diagnosis_time) values (54, 139, 'Simaroubaceae', '11:46');
insert into Treatment_sheets (doctor_id, admission_id, diagnosis, diagnosis_time) values (29, 145, 'Sparganiaceae', '15:52');
insert into Treatment_sheets (doctor_id, admission_id, diagnosis, diagnosis_time) values (35, 43, 'Opegraphaceae', '11:49');
insert into Treatment_sheets (doctor_id, admission_id, diagnosis, diagnosis_time) values (55, 48, 'Polygalaceae', '9:03');
insert into Treatment_sheets (doctor_id, admission_id, diagnosis, diagnosis_time) values (34, 65, 'Theaceae', '13:06');
insert into Treatment_sheets (doctor_id, admission_id, diagnosis, diagnosis_time) values (22, 103, 'Asteraceae', '12:39');
insert into Treatment_sheets (doctor_id, admission_id, diagnosis, diagnosis_time) values (56, 25, 'Passifloraceae', '12:35');
insert into Treatment_sheets (doctor_id, admission_id, diagnosis, diagnosis_time) values (29, 159, 'Polygonaceae', '13:35');
insert into Treatment_sheets (doctor_id, admission_id, diagnosis, diagnosis_time) values (8, 92, 'Polytrichaceae', '17:36');
insert into Treatment_sheets (doctor_id, admission_id, diagnosis, diagnosis_time) values (42, 139, 'Vitaceae', '12:50');
insert into Treatment_sheets (doctor_id, admission_id, diagnosis, diagnosis_time) values (56, 39, 'Sapindaceae', '13:33');
insert into Treatment_sheets (doctor_id, admission_id, diagnosis, diagnosis_time) values (16, 26, 'Fabaceae', '15:47');
insert into Treatment_sheets (doctor_id, admission_id, diagnosis, diagnosis_time) values (2, 115, 'Chenopodiaceae', '10:41');
insert into Treatment_sheets (doctor_id, admission_id, diagnosis, diagnosis_time) values (35, 200, 'Helodiaceae', '13:23');
insert into Treatment_sheets (doctor_id, admission_id, diagnosis, diagnosis_time) values (45, 77, 'Liliaceae', '13:40');
insert into Treatment_sheets (doctor_id, admission_id, diagnosis, diagnosis_time) values (27, 11, 'Liliaceae', '18:36');
insert into Treatment_sheets (doctor_id, admission_id, diagnosis, diagnosis_time) values (2, 11, 'Anacardiaceae', '17:32');
insert into Treatment_sheets (doctor_id, admission_id, diagnosis, diagnosis_time) values (32, 146, 'Brassicaceae', '14:00');
insert into Treatment_sheets (doctor_id, admission_id, diagnosis, diagnosis_time) values (7, 152, 'Poaceae', '18:55');
insert into Treatment_sheets (doctor_id, admission_id, diagnosis, diagnosis_time) values (34, 178, 'Orchidaceae', '13:37');
insert into Treatment_sheets (doctor_id, admission_id, diagnosis, diagnosis_time) values (57, 40, 'Pottiaceae', '11:10');
insert into Treatment_sheets (doctor_id, admission_id, diagnosis, diagnosis_time) values (4, 193, 'Coccocarpiaceae', '11:08');
insert into Treatment_sheets (doctor_id, admission_id, diagnosis, diagnosis_time) values (52, 110, 'Asteraceae', '16:56');
insert into Treatment_sheets (doctor_id, admission_id, diagnosis, diagnosis_time) values (42, 119, 'Fabaceae', '10:55');
insert into Treatment_sheets (doctor_id, admission_id, diagnosis, diagnosis_time) values (54, 23, 'Taxaceae', '14:32');
insert into Treatment_sheets (doctor_id, admission_id, diagnosis, diagnosis_time) values (54, 157, 'Cyperaceae', '15:00');
insert into Treatment_sheets (doctor_id, admission_id, diagnosis, diagnosis_time) values (31, 168, 'Rosaceae', '9:54');
insert into Treatment_sheets (doctor_id, admission_id, diagnosis, diagnosis_time) values (14, 40, 'Polygonaceae', '17:54');
insert into Treatment_sheets (doctor_id, admission_id, diagnosis, diagnosis_time) values (38, 189, 'Asteraceae', '14:16');
insert into Treatment_sheets (doctor_id, admission_id, diagnosis, diagnosis_time) values (29, 134, 'Rubiaceae', '16:43');
insert into Treatment_sheets (doctor_id, admission_id, diagnosis, diagnosis_time) values (16, 7, 'Fabaceae', '11:19');
insert into Treatment_sheets (doctor_id, admission_id, diagnosis, diagnosis_time) values (21, 125, 'Euphorbiaceae', '13:25');
insert into Treatment_sheets (doctor_id, admission_id, diagnosis, diagnosis_time) values (2, 17, 'Iridaceae', '14:51');
insert into Treatment_sheets (doctor_id, admission_id, diagnosis, diagnosis_time) values (10, 39, 'Betulaceae', '16:43');
insert into Treatment_sheets (doctor_id, admission_id, diagnosis, diagnosis_time) values (39, 47, 'Passifloraceae', '15:54');
insert into Treatment_sheets (doctor_id, admission_id, diagnosis, diagnosis_time) values (6, 58, 'Pinaceae', '11:17');
insert into Treatment_sheets (doctor_id, admission_id, diagnosis, diagnosis_time) values (56, 63, 'Fabaceae', '9:18');
insert into Treatment_sheets (doctor_id, admission_id, diagnosis, diagnosis_time) values (7, 136, 'Asteraceae', '13:56');
insert into Treatment_sheets (doctor_id, admission_id, diagnosis, diagnosis_time) values (58, 99, 'Parmeliaceae', '9:55');
insert into Treatment_sheets (doctor_id, admission_id, diagnosis, diagnosis_time) values (46, 163, 'Scrophulariaceae', '9:32');
insert into Treatment_sheets (doctor_id, admission_id, diagnosis, diagnosis_time) values (17, 170, 'Scrophulariaceae', '12:26');
insert into Treatment_sheets (doctor_id, admission_id, diagnosis, diagnosis_time) values (6, 159, 'Trapeliaceae', '10:23');
insert into Treatment_sheets (doctor_id, admission_id, diagnosis, diagnosis_time) values (28, 84, 'Asteraceae', '16:46');
insert into Treatment_sheets (doctor_id, admission_id, diagnosis, diagnosis_time) values (15, 69, 'Verbenaceae', '13:11');
insert into Treatment_sheets (doctor_id, admission_id, diagnosis, diagnosis_time) values (13, 97, 'Asteraceae', '17:23');
insert into Treatment_sheets (doctor_id, admission_id, diagnosis, diagnosis_time) values (13, 172, 'Orthotrichaceae', '11:09');
insert into Treatment_sheets (doctor_id, admission_id, diagnosis, diagnosis_time) values (58, 41, 'Fabaceae', '13:36');
insert into Treatment_sheets (doctor_id, admission_id, diagnosis, diagnosis_time) values (10, 81, 'Asteraceae', '9:05');
insert into Treatment_sheets (doctor_id, admission_id, diagnosis, diagnosis_time) values (17, 14, 'Gesneriaceae', '12:06');
insert into Treatment_sheets (doctor_id, admission_id, diagnosis, diagnosis_time) values (54, 125, 'Apiaceae', '13:35');
insert into Treatment_sheets (doctor_id, admission_id, diagnosis, diagnosis_time) values (9, 43, 'Polygonaceae', '10:14');
insert into Treatment_sheets (doctor_id, admission_id, diagnosis, diagnosis_time) values (60, 118, 'Asteraceae', '18:58');
insert into Treatment_sheets (doctor_id, admission_id, diagnosis, diagnosis_time) values (54, 7, 'Fabaceae', '14:34');
insert into Treatment_sheets (doctor_id, admission_id, diagnosis, diagnosis_time) values (27, 150, 'Dryopteridaceae', '9:09');
insert into Treatment_sheets (doctor_id, admission_id, diagnosis, diagnosis_time) values (18, 108, 'Fumariaceae', '16:51');
insert into Treatment_sheets (doctor_id, admission_id, diagnosis, diagnosis_time) values (22, 169, 'Asteraceae', '17:48');
insert into Treatment_sheets (doctor_id, admission_id, diagnosis, diagnosis_time) values (39, 163, 'Scrophulariaceae', '18:47');
insert into Treatment_sheets (doctor_id, admission_id, diagnosis, diagnosis_time) values (53, 65, 'Hydrophyllaceae', '9:20');
insert into Treatment_sheets (doctor_id, admission_id, diagnosis, diagnosis_time) values (52, 20, 'Ditrichaceae', '12:05');
insert into Treatment_sheets (doctor_id, admission_id, diagnosis, diagnosis_time) values (34, 22, 'Betulaceae', '14:49');
insert into Treatment_sheets (doctor_id, admission_id, diagnosis, diagnosis_time) values (8, 188, 'Fabaceae', '10:43');
insert into Treatment_sheets (doctor_id, admission_id, diagnosis, diagnosis_time) values (3, 99, 'Asteraceae', '14:22');
insert into Treatment_sheets (doctor_id, admission_id, diagnosis, diagnosis_time) values (5, 136, 'Rutaceae', '18:57');
insert into Treatment_sheets (doctor_id, admission_id, diagnosis, diagnosis_time) values (56, 200, 'Fabaceae', '13:57');
insert into Treatment_sheets (doctor_id, admission_id, diagnosis, diagnosis_time) values (47, 132, 'Myrsinaceae', '10:07');
insert into Treatment_sheets (doctor_id, admission_id, diagnosis, diagnosis_time) values (1, 134, 'Cyperaceae', '14:34');
insert into Treatment_sheets (doctor_id, admission_id, diagnosis, diagnosis_time) values (42, 176, 'Lamiaceae', '15:11');
insert into Treatment_sheets (doctor_id, admission_id, diagnosis, diagnosis_time) values (51, 86, 'Lecideaceae', '17:02');
insert into Treatment_sheets (doctor_id, admission_id, diagnosis, diagnosis_time) values (28, 78, 'Cyperaceae', '9:37');
insert into Treatment_sheets (doctor_id, admission_id, diagnosis, diagnosis_time) values (31, 135, 'Asteraceae', '10:31');
insert into Treatment_sheets (doctor_id, admission_id, diagnosis, diagnosis_time) values (30, 39, 'Asclepiadaceae', '9:58');
insert into Treatment_sheets (doctor_id, admission_id, diagnosis, diagnosis_time) values (46, 73, 'Asteraceae', '10:04');
insert into Treatment_sheets (doctor_id, admission_id, diagnosis, diagnosis_time) values (2, 9, 'Euphorbiaceae', '16:43');
insert into Treatment_sheets (doctor_id, admission_id, diagnosis, diagnosis_time) values (60, 192, 'Scrophulariaceae', '18:48');
insert into Treatment_sheets (doctor_id, admission_id, diagnosis, diagnosis_time) values (58, 169, 'Orthotrichaceae', '16:33');
insert into Treatment_sheets (doctor_id, admission_id, diagnosis, diagnosis_time) values (29, 8, 'Poaceae', '10:52');
insert into Treatment_sheets (doctor_id, admission_id, diagnosis, diagnosis_time) values (54, 170, 'Cucurbitaceae', '13:10');
insert into Treatment_sheets (doctor_id, admission_id, diagnosis, diagnosis_time) values (57, 90, 'Polygonaceae', '13:55');
insert into Treatment_sheets (doctor_id, admission_id, diagnosis, diagnosis_time) values (41, 85, 'Euphorbiaceae', '17:23');
insert into Treatment_sheets (doctor_id, admission_id, diagnosis, diagnosis_time) values (8, 5, 'Brassicaceae', '10:00');
insert into Treatment_sheets (doctor_id, admission_id, diagnosis, diagnosis_time) values (32, 153, 'Scrophulariaceae', '12:19');
insert into Treatment_sheets (doctor_id, admission_id, diagnosis, diagnosis_time) values (25, 43, 'Ranunculaceae', '18:01');
insert into Treatment_sheets (doctor_id, admission_id, diagnosis, diagnosis_time) values (4, 5, 'Rubiaceae', '13:35');
insert into Treatment_sheets (doctor_id, admission_id, diagnosis, diagnosis_time) values (10, 57, 'Brassicaceae', '18:33');
insert into Treatment_sheets (doctor_id, admission_id, diagnosis, diagnosis_time) values (1, 68, 'Fabaceae', '18:14');
insert into Treatment_sheets (doctor_id, admission_id, diagnosis, diagnosis_time) values (11, 175, 'Orchidaceae', '13:45');
insert into Treatment_sheets (doctor_id, admission_id, diagnosis, diagnosis_time) values (22, 70, 'Portulacaceae', '14:00');
insert into Treatment_sheets (doctor_id, admission_id, diagnosis, diagnosis_time) values (48, 178, 'Asteraceae', '16:34');
insert into Treatment_sheets (doctor_id, admission_id, diagnosis, diagnosis_time) values (36, 199, 'Hydrophyllaceae', '10:55');
insert into Treatment_sheets (doctor_id, admission_id, diagnosis, diagnosis_time) values (45, 179, 'Fagaceae', '11:22');
insert into Treatment_sheets (doctor_id, admission_id, diagnosis, diagnosis_time) values (23, 105, 'Porpidiaceae', '13:10');
insert into Treatment_sheets (doctor_id, admission_id, diagnosis, diagnosis_time) values (10, 93, 'Thuidiaceae', '17:58');
insert into Treatment_sheets (doctor_id, admission_id, diagnosis, diagnosis_time) values (59, 108, 'Cyperaceae', '14:40');
insert into Treatment_sheets (doctor_id, admission_id, diagnosis, diagnosis_time) values (15, 85, 'Parmeliaceae', '14:02');
insert into Treatment_sheets (doctor_id, admission_id, diagnosis, diagnosis_time) values (37, 43, 'Fabaceae', '15:53');
insert into Treatment_sheets (doctor_id, admission_id, diagnosis, diagnosis_time) values (20, 159, 'Euphorbiaceae', '16:26');
insert into Treatment_sheets (doctor_id, admission_id, diagnosis, diagnosis_time) values (58, 62, 'Boraginaceae', '10:14');
insert into Treatment_sheets (doctor_id, admission_id, diagnosis, diagnosis_time) values (31, 23, 'Ramalinaceae', '14:02');
insert into Treatment_sheets (doctor_id, admission_id, diagnosis, diagnosis_time) values (25, 69, 'Cyperaceae', '12:08');
insert into Treatment_sheets (doctor_id, admission_id, diagnosis, diagnosis_time) values (30, 7, 'Ericaceae', '16:59');
insert into Treatment_sheets (doctor_id, admission_id, diagnosis, diagnosis_time) values (18, 63, 'Chenopodiaceae', '15:03');
insert into Treatment_sheets (doctor_id, admission_id, diagnosis, diagnosis_time) values (21, 144, 'Poaceae', '17:14');
insert into Treatment_sheets (doctor_id, admission_id, diagnosis, diagnosis_time) values (37, 38, 'Lichinaceae', '13:01');
insert into Treatment_sheets (doctor_id, admission_id, diagnosis, diagnosis_time) values (32, 86, 'Lecanoraceae', '16:58');
insert into Treatment_sheets (doctor_id, admission_id, diagnosis, diagnosis_time) values (18, 83, 'Caprifoliaceae', '14:14');
insert into Treatment_sheets (doctor_id, admission_id, diagnosis, diagnosis_time) values (18, 178, 'Boraginaceae', '9:24');
insert into Treatment_sheets (doctor_id, admission_id, diagnosis, diagnosis_time) values (33, 159, 'Ericaceae', '13:18');
insert into Treatment_sheets (doctor_id, admission_id, diagnosis, diagnosis_time) values (35, 200, 'Primulaceae', '10:42');
insert into Treatment_sheets (doctor_id, admission_id, diagnosis, diagnosis_time) values (34, 99, 'Brassicaceae', '17:57');
insert into Treatment_sheets (doctor_id, admission_id, diagnosis, diagnosis_time) values (31, 138, 'Polygonaceae', '17:23');
insert into Treatment_sheets (doctor_id, admission_id, diagnosis, diagnosis_time) values (18, 23, 'Rosaceae', '11:56');
insert into Treatment_sheets (doctor_id, admission_id, diagnosis, diagnosis_time) values (5, 172, 'Zygophyllaceae', '11:13');

commit;